Workbook

Sheet KhoiVTM
A1: No. | B1: DigiKey Part Number | C1: Manufacturer Product Number | D1: Description | E1: Link DigiKey | F1: Qty | G1: Price per Unit ($) | H1: Total Price ($) | I1: Total Price (VND) | J1: Value | K1: Unit | L1: Tolerance (%) | M1: Package | N1: Category | O1: status | P1: System | Q1: Note
A2: 1 | B2: AD9834BRUZ-REEL7TR-ND | C2: AD9834BRUZ-REEL7 | D2: IC DDS 50MHZ 10BIT 20TSSOP | E2: https://www.digikey.com/en/products/detail/analog-devices-inc/AD9834BRUZ-REEL7/994992 | F2: 4 | G2: 17.92 | H2: =G2*F2 -> 71.68 | I2: =H2*26190 -> 1877299.2 | J2: NaN | K2: N/A | L2: NaN | M2: 20-TSSOP | N2: IC | O2: Done | P2: EIM | S2: Total cost USDT | T2: =SUM($H:$H) -> 827.64275
A3: 2 | B3: 505-AD8302ARUZ-ND | C3: AD8302ARUZ | D3: IC RF DETECT 2.7GHZ 14TSSOP | E3: https://www.mouser.vn/ProductDetail/Analog-Devices/AD8302ARUZ-RL7?qs=%2FtpEQrCGXCxf7u2FSUHSPQ%3D%3D | F3: 4 | G3: 34.64 | H3: =G3*F3 -> 138.56 | I3: =H3*26190 -> 3628886.4 | J3: NaN | K3: N/A | L3: NaN | M3: 14-TSSOP | N3: IC | O3: Done | P3: EIM | S3: Tocal Cost VND | T3: =SUM($I:$I) -> 21615727
A4: 3 | B4: 497-14909-ND | C4: STM32F411RET6 | D4: IC MCU 32BIT 512KB FLASH 64LQFP | E4: https://www.digikey.com/en/products/detail/stmicroelectronics/STM32F411RET6/4935722 | F4: 2 | G4: 6.69 | H4: =G4*F4 -> 13.38 | I4: =H4*26190 -> 350422.2 | J4: NaN | K4: N/A | M4: 64-LQFP | N4: uC | O4: Done | P4: EIM | S4: Total Cost Taiwan | T4: =$T$2*31.63 -> 26178.34
A5: 4 | B5: 505-AD8130ARMZ-REELTR-ND | C5: AD8130ARMZ-REEL | D5: IC OPAMP DIFF 1 CIRCUIT 8MSOP | E5: https://www.digikey.com/en/products/detail/analog-devices-inc/AD8130ARMZ-REEL/994072 | F5: 6 | G5: 5.18 | H5: =G5*F5 -> 31.08 | I5: =H5*26190 -> 813985.2 | J5: NaN | K5: N/A | L5: NaN | M5: 8-TSSOP | N5: IC | O5: Done | P5: EIM
A6: 5 | B6: 541-3194-2-ND | C6: TNPW06036K80BEEA | D6: RES 6.8K OHM 0.1% 0.21W 0603 | E6: https://www.digikey.com/en/products/detail/vishay-dale/TNPW06036K80BEEA/1606862?s=N4IgTCBcDaICoDkAKB1ADANjQZgwaQA40AhAUVIEEQBdAXyA | F6: 25 | G6: 0.23 | H6: =G6*F6 -> 5.75 | I6: =H6*26190 -> 150592.5 | J6: =TRIM(LEFT(SUBSTITUTE(TRIM(SUBSTITUTE(SUBSTITUTE(D6,"RES",""),"SMD",""))," ",REPT(" ",100)),100)) -> 6.8K | K6: Ohm (Ω) | L6: =_xlfn.TEXTAFTER(_xlfn.TEXTBEFORE(D6, "%"), " ", -1) & "%" -> 0.1% | M6: =RIGHT(TRIM(D6), 4) -> 0603 | N6: Resistor | O6: Done | P6: EIM
A7: 6 | B7: 541-3049-2-ND | C7: TNPW0603200RBEEA | D7: RES 200 OHM 0.1% 0.21W 0603 | E7: https://www.digikey.com/en/products/detail/vishay-dale/TNPW0603200RBEEA/1606685?s=N4IgTCBcDaICoDkAKB1ADANjQZjGtASgEICiJAgiALoC%2BQA | F7: 25 | G7: 0.23 | H7: =G7*F7 -> 5.75 | I7: =H7*26190 -> 150592.5 | J7: =TRIM(LEFT(SUBSTITUTE(TRIM(SUBSTITUTE(SUBSTITUTE(D7,"RES",""),"SMD",""))," ",REPT(" ",100)),100)) -> 200 | K7: Ohm (Ω) | L7: =_xlfn.TEXTAFTER(_xlfn.TEXTBEFORE(D7, "%"), " ", -1) & "%" -> 0.1% | M7: =RIGHT(TRIM(D7), 4) -> 0603 | N7: Resistor | O7: Done | P7: EIM
A8: 7 | B8: 541-3634-2-ND | C8: TNPW0603280RBEEA | D8: RES 280 OHM 0.1% 0.21W 0603 | E8: https://www.digikey.com/en/products/detail/vishay-dale/tnpw0603280rbeea/1606702 | F8: 25 | G8: 0.23 | H8: =G8*F8 -> 5.75 | I8: =H8*26190 -> 150592.5 | J8: =TRIM(LEFT(SUBSTITUTE(TRIM(SUBSTITUTE(SUBSTITUTE(D8,"RES",""),"SMD",""))," ",REPT(" ",100)),100)) -> 280 | K8: Ohm (Ω) | L8: =_xlfn.TEXTAFTER(_xlfn.TEXTBEFORE(D8, "%"), " ", -1) & "%" -> 0.1% | M8: =RIGHT(TRIM(D8), 4) -> 0603 | N8: =IF(LEFT(D8,3)="RES", "Resistor", IF(LEFT(D8,3)="CAP", "Capacitor", "Other")) -> Resistor | O8: Done | P8: EIM
A9: 8 | B9: TNPW06031K00BEEA | C9: TNP1.00KAATR-ND | D9: RES 1K OHM 0.1% 0.21W 0603 | E9: https://www.digikey.com/en/products/detail/vishay-dale/TNPW06031K00BEEA/1606767?s=N4IgTCBcDaICoDkAKBGAdABgwaQIK7gCUBaBAERAF0BfIA | F9: 25 | G9: 0.23 | H9: =G9*F9 -> 5.75 | I9: =H9*26190 -> 150592.5 | J9: =TRIM(LEFT(SUBSTITUTE(TRIM(SUBSTITUTE(SUBSTITUTE(D9,"RES",""),"SMD",""))," ",REPT(" ",100)),100)) -> 1K | K9: Ohm (Ω) | L9: =_xlfn.TEXTAFTER(_xlfn.TEXTBEFORE(D9, "%"), " ", -1) & "%" -> 0.1% | M9: =RIGHT(TRIM(D9), 4) -> 0603 | N9: =IF(LEFT(D9,3)="RES", "Resistor", IF(LEFT(D9,3)="CAP", "Capacitor", "Other")) -> Resistor | O9: Done | P9: EIM
A10: 9 | B10: 311-22.0HRTR-ND | C10: RC0603FR-0722RL | D10: RES 22 OHM 1% 1/10W 0603 | E10: https://www.digikey.com/en/products/detail/yageo/RC0603FR-0722RL/727055?s=N4IgTCBcDaIEoGEAMA2JBmAYnAtEg7GGHADIgC6AvkA | F10: 25 | G10: 0.1 | H10: =G10*F10 -> 2.5 | I10: =H10*26190 -> 65475 | J10: =TRIM(LEFT(SUBSTITUTE(TRIM(SUBSTITUTE(SUBSTITUTE(D10,"RES",""),"SMD",""))," ",REPT(" ",100)),100)) -> 22 | K10: Ohm (Ω) | L10: =_xlfn.TEXTAFTER(_xlfn.TEXTBEFORE(D10, "%"), " ", -1) & "%" -> 1% | M10: =RIGHT(TRIM(D10), 4) -> 0603 | N10: =IF(LEFT(D10,3)="RES", "Resistor", IF(LEFT(D10,3)="CAP", "Capacitor", "Other")) -> Resistor | O10: Done | P10: EIM
A11: 10 | B11: RC0603JR-070RL | C11: RC0603JR-070RL | D11: RES 0 OHM JUMPER 1/10W 0603 | E11: https://www.digikey.com/en/products/detail/yageo/RC0603JR-070RL/726675?s=N4IgTCBcDaIEoGEAMA2JBmAUnAtEg7EnADIgC6AvkA | F11: 25 | G11: 0.1 | H11: =G11*F11 -> 2.5 | I11: =H11*26190 -> 65475 | J11: =TRIM(LEFT(SUBSTITUTE(TRIM(SUBSTITUTE(SUBSTITUTE(D11,"RES",""),"SMD",""))," ",REPT(" ",100)),100)) -> 0 | K11: Ohm (Ω) | L11: N/A | M11: =RIGHT(TRIM(D11), 4) -> 0603 | N11: =IF(LEFT(D11,3)="RES", "Resistor", IF(LEFT(D11,3)="CAP", "Capacitor", "Other")) -> Resistor | O11: Done | P11: EIM
A12: 11 | B12: 541-2030-2-ND | C12: TNPW0603499RBEEA | D12: RES 499 OHM 0.1% 0.21W 0603 | E12: https://www.digikey.com/en/products/detail/vishay-dale/tnpw0603499rbeea/1606732 | F12: 25 | G12: 0.23 | H12: =G12*F12 -> 5.75 | I12: =H12*26190 -> 150592.5 | J12: =TRIM(LEFT(SUBSTITUTE(TRIM(SUBSTITUTE(SUBSTITUTE(D12,"RES",""),"SMD",""))," ",REPT(" ",100)),100)) -> 499 | K12: Ohm (Ω) | L12: =_xlfn.TEXTAFTER(_xlfn.TEXTBEFORE(D12, "%"), " ", -1) & "%" -> 0.1% | M12: =RIGHT(TRIM(D12), 4) -> 0603 | N12: =IF(LEFT(D12,3)="RES", "Resistor", IF(LEFT(D12,3)="CAP", "Capacitor", "Other")) -> Resistor | O12: Done | P12: EIM
A13: 12 | B13: TNPW06031K78BEEA | C13: 541-TNPW06031K78BEEATR-ND | D13: RES 1.78K OHM 0.1% 0.21W 0603 | E13: https://www.digikey.cn/en/products/detail/vishay-dale/tnpw06031k78beea/1606793 | F13: 25 | G13: 0.23 | H13: =G13*F13 -> 5.75 | I13: =H13*26190 -> 150592.5 | J13: =TRIM(LEFT(SUBSTITUTE(TRIM(SUBSTITUTE(SUBSTITUTE(D13,"RES",""),"SMD",""))," ",REPT(" ",100)),100)) -> 1.78K | K13: Ohm (Ω) | L13: =_xlfn.TEXTAFTER(_xlfn.TEXTBEFORE(D13, "%"), " ", -1) & "%" -> 0.1% | M13: =RIGHT(TRIM(D13), 4) -> 0603 | N13: =IF(LEFT(D13,3)="RES", "Resistor", IF(LEFT(D13,3)="CAP", "Capacitor", "Other")) -> Resistor | O13: Done | P13: EIM
A14: 13 | B14: 311-510HRTR-ND | C14: RC0603FR-07510RL | D14: RES 510 OHM 1% 1/10W 0603 | E14: https://www.digikey.com/en/products/detail/yageo/rc0603fr-07510rl/727285 | F14: 25 | G14: 0.1 | H14: =G14*F14 -> 2.5 | I14: =H14*26190 -> 65475 | J14: =TRIM(LEFT(SUBSTITUTE(TRIM(SUBSTITUTE(SUBSTITUTE(D14,"RES",""),"SMD",""))," ",REPT(" ",100)),100)) -> 510 | K14: Ohm (Ω) | L14: =_xlfn.TEXTAFTER(_xlfn.TEXTBEFORE(D14, "%"), " ", -1) & "%" -> 1% | M14: =RIGHT(TRIM(D14), 4) -> 0603 | N14: =IF(LEFT(D14,3)="RES", "Resistor", IF(LEFT(D14,3)="CAP", "Capacitor", "Other")) -> Resistor | O14: Done | P14: EIM
A15: 14 | B15: 2266-RC0603FR-072K67LTR-ND | C15: RC0603FR-072K67L | D15: RES 2.67K OHM 1% 0.1W, 1/10W 0603 | E15: https://www.digikey.com/en/products/detail/yageo-america/rc0603fr-072k67l/22283163 | F15: 25 | G15: 0.002 | H15: =G15*F15 -> 0.05 | I15: =H15*26190 -> 1309.5 | J15: =TRIM(LEFT(SUBSTITUTE(TRIM(SUBSTITUTE(SUBSTITUTE(D15,"RES",""),"SMD",""))," ",REPT(" ",100)),100)) -> 2.67K | K15: Ohm (Ω) | L15: =_xlfn.TEXTAFTER(_xlfn.TEXTBEFORE(D15, "%"), " ", -1) & "%" -> 1% | M15: =RIGHT(TRIM(D15), 4) -> 0603 | N15: =IF(LEFT(D15,3)="RES", "Resistor", IF(LEFT(D15,3)="CAP", "Capacitor", "Other")) -> Resistor | O15: Done | P15: EIM
A16: 15 | B16: 311-51.0HRTR-ND | C16: RC0603FR-0751RL | D16: RES 51 OHM 1% 1/10W 0603 | E16: https://www.digikey.com/en/products/detail/yageo/rc0603fr-0751rl/727281 | F16: 25 | G16: 0.1 | H16: =G16*F16 -> 2.5 | I16: =H16*26190 -> 65475 | J16: =TRIM(LEFT(SUBSTITUTE(TRIM(SUBSTITUTE(SUBSTITUTE(D16,"RES",""),"SMD",""))," ",REPT(" ",100)),100)) -> 51 | K16: Ohm (Ω) | L16: =_xlfn.TEXTAFTER(_xlfn.TEXTBEFORE(D16, "%"), " ", -1) & "%" -> 1% | M16: =RIGHT(TRIM(D16), 4) -> 0603 | N16: =IF(LEFT(D16,3)="RES", "Resistor", IF(LEFT(D16,3)="CAP", "Capacitor", "Other")) -> Resistor | O16: Done | P16: EIM
A17: 16 | B17: 311-10.0KHRTR-ND | C17: RC0603FR-0710KL | D17: RES 10K OHM 1% 1/10W 0603 | E17: https://www.digikey.com/en/products/detail/yageo/rc0603fr-0710kl/726880 | F17: 25 | G17: 0.1 | H17: =G17*F17 -> 2.5 | I17: =H17*26190 -> 65475 | J17: =TRIM(LEFT(SUBSTITUTE(TRIM(SUBSTITUTE(SUBSTITUTE(D17,"RES",""),"SMD",""))," ",REPT(" ",100)),100)) -> 10K | K17: Ohm (Ω) | L17: =_xlfn.TEXTAFTER(_xlfn.TEXTBEFORE(D17, "%"), " ", -1) & "%" -> 1% | M17: =RIGHT(TRIM(D17), 4) -> 0603 | N17: =IF(LEFT(D17,3)="RES", "Resistor", IF(LEFT(D17,3)="CAP", "Capacitor", "Other")) -> Resistor | O17: Done | P17: EIM
A18: 17 | B18: TNP10.0AATR-ND | C18: TNPW060310R0BEEA | D18: RES 10 OHM 0.1% 0.21W 0603 | E18: https://www.digikey.com/en/products/detail/vishay-dale/tnpw060310r0beea/1606539 | F18: 25 | G18: 0.31 | H18: =G18*F18 -> 7.75 | I18: =H18*26190 -> 202972.5 | J18: =TRIM(LEFT(SUBSTITUTE(TRIM(SUBSTITUTE(SUBSTITUTE(D18,"RES",""),"SMD",""))," ",REPT(" ",100)),100)) -> 10 | K18: Ohm (Ω) | L18: =_xlfn.TEXTAFTER(_xlfn.TEXTBEFORE(D18, "%"), " ", -1) & "%" -> 0.1% | M18: =RIGHT(TRIM(D18), 4) -> 0603 | N18: =IF(LEFT(D18,3)="RES", "Resistor", IF(LEFT(D18,3)="CAP", "Capacitor", "Other")) -> Resistor | O18: Done | P18: EIM
A19: 18 | B19: 490-1410-2-ND | C19: GRM1885C1H200JA01D | D19: CAP CER 20PF 50V C0G/NP0 0603 | E19: https://www.digikey.com/en/products/detail/murata-electronics/GRM1885C1H200JA01D/586920 | F19: 25 | G19: 0.12 | H19: =G19*F19 -> 3 | I19: =H19*26190 -> 78570 | J19: =_xlfn.TEXTBEFORE(_xlfn.TEXTAFTER(D19, "CER "), "F") -> 20P | K19: Farad (F) | M19: =RIGHT(TRIM(D19), 4) -> 0603 | N19: =IF(LEFT(D19,3)="RES", "Resistor", IF(LEFT(D19,3)="CAP", "Capacitor", "Other")) -> Capacitor | O19: Done | P19: EIM
A20: 19 | B20: 490-10700-2-ND | C20: GRM155R71H104KE14D | D20: CAP CER 0.1UF 50V X7R 0603 | E20: https://www.digikey.com/en/products/detail/kemet/C0603C104K5RACTU/1465594 | F20: 25 | G20: 0.08 | H20: =G20*F20 -> 2 | I20: =H20*26190 -> 52380 | J20: =_xlfn.TEXTBEFORE(_xlfn.TEXTAFTER(D20, "CER "), "F") -> 0.1U | K20: Farad (F) | M20: =RIGHT(TRIM(D20), 4) -> 0603 | N20: =IF(LEFT(D20,3)="RES", "Resistor", IF(LEFT(D20,3)="CAP", "Capacitor", "Other")) -> Capacitor | O20: Done | P20: EIM
A21: 20 | B21: 399-C0603C105K3RACTUTR-ND | C21: C0603C105K3RACTU | D21: CAP CER 1UF 25V X7R 0603 | E21: https://www.digikey.com/en/products/detail/kemet/C0603C105K3RACTU/3317410 | F21: 25 | G21: 0.41 | H21: =G21*F21 -> 10.25 | I21: =H21*26190 -> 268447.5 | J21: =_xlfn.TEXTBEFORE(_xlfn.TEXTAFTER(D21, "CER "), "F") -> 1U | K21: Farad (F) | M21: =RIGHT(TRIM(D21), 4) -> 0603 | N21: =IF(LEFT(D21,3)="RES", "Resistor", IF(LEFT(D21,3)="CAP", "Capacitor", "Other")) -> Capacitor | O21: Done | P21: EIM
A22: 21 | B22: GRM1555C1H1R0WA01J-ND | C22: GRM1555C1H1R0WA01J | D22: CAP CER 1PF 50V C0G/NP0 0402 | E22: https://www.digikey.com/en/products/detail/murata-electronics/grm1555c1h1r0wa01j/4904825 | F22: 25 | G22: 0.0148 | H22: =G22*F22 -> 0.37 | I22: =H22*26190 -> 9690.3 | J22: =_xlfn.TEXTBEFORE(_xlfn.TEXTAFTER(D22, "CER "), "F") -> 1P | K22: Farad (F) | M22: =RIGHT(TRIM(D22), 4) -> 0402 | N22: =IF(LEFT(D22,3)="RES", "Resistor", IF(LEFT(D22,3)="CAP", "Capacitor", "Other")) -> Capacitor | O22: Done | P22: EIM
A23: 22 | B23: 311-1873-2-ND | C23: CC0805KKX5R9BB225 | D23: CAP CER 2.2UF 50V X5R 0805 | E23: https://www.digikey.com/en/products/detail/yageo/CC0805KKX5R9BB225/5195775 | F23: 25 | G23: 0.025 | H23: =G23*F23 -> 0.625 | I23: =H23*26190 -> 16368.75 | J23: =_xlfn.TEXTBEFORE(_xlfn.TEXTAFTER(D23, "CER "), "F") -> 2.2U | K23: Farad (F) | M23: =RIGHT(TRIM(D23), 4) -> 0805 | N23: =IF(LEFT(D23,3)="RES", "Resistor", IF(LEFT(D23,3)="CAP", "Capacitor", "Other")) -> Capacitor | O23: Done | P23: EIM
A24: 23 | B24: 490-16772-2-ND | C24: GRM1885C1H181JA01J | D24: CAP CER 180PF 50V C0G/NP0 0603 | E24: https://www.digikey.com/en/products/detail/murata-electronics/grm1885c1h181ja01j/2611094 | F24: 25 | G24: 0.01822 | H24: =G24*F24 -> 0.4555 | I24: =H24*26190 -> 11929.545 | J24: =_xlfn.TEXTBEFORE(_xlfn.TEXTAFTER(D24, "CER "), "F") -> 180P | K24: Farad (F) | M24: =RIGHT(TRIM(D24), 4) -> 0603 | N24: =IF(LEFT(D24,3)="RES", "Resistor", IF(LEFT(D24,3)="CAP", "Capacitor", "Other")) -> Capacitor | O24: Done | P24: EIM
A25: 24 | B25: 490-1438-2-ND | C25: GRM1885C1H301JA01D | D25: CAP CER 300PF 50V C0G/NP0 0603 | E25: https://www.digikey.com/en/products/detail/murata-electronics/grm1885c1h301ja01d/586964 | F25: 25 | G25: 0.13 | H25: =G25*F25 -> 3.25 | I25: =H25*26190 -> 85117.5 | J25: =_xlfn.TEXTBEFORE(_xlfn.TEXTAFTER(D25, "CER "), "F") -> 300P | K25: Farad (F) | M25: =RIGHT(TRIM(D25), 4) -> 0603 | N25: =IF(LEFT(D25,3)="RES", "Resistor", IF(LEFT(D25,3)="CAP", "Capacitor", "Other")) -> Capacitor | O25: Done | P25: EIM
A26: 25 | B26: 490-16776-2-ND | C26: GRM1885C1H331JA01J | D26: CAP CER 330PF 50V C0G/NP0 0603 | E26: https://www.digikey.com/en/products/detail/murata-electronics/grm1885c1h331ja01j/2611160 | F26: 25 | G26: 0.11 | H26: =G26*F26 -> 2.75 | I26: =H26*26190 -> 72022.5 | J26: =_xlfn.TEXTBEFORE(_xlfn.TEXTAFTER(D26, "CER "), "F") -> 330P | K26: Farad (F) | M26: =RIGHT(TRIM(D26), 4) -> 0603 | N26: =IF(LEFT(D26,3)="RES", "Resistor", IF(LEFT(D26,3)="CAP", "Capacitor", "Other")) -> Capacitor | O26: Done | P26: EIM
A27: 26 | B27: 490-11457-2-ND | C27: GRM1885C1H271JA01J | D27: CAP CER 270PF 50V C0G/NP0 0603 | E27: https://www.digikey.com/en/products/detail/murata-electronics/grm1885c1h271ja01j/2611130 | F27: 25 | G27: 0.02501 | H27: =G27*F27 -> 0.62525 | I27: =H27*26190 -> 16375.297 | J27: =_xlfn.TEXTBEFORE(_xlfn.TEXTAFTER(D27, "CER "), "F") -> 270P | K27: Farad (F) | M27: =RIGHT(TRIM(D27), 4) -> 0603 | N27: =IF(LEFT(D27,3)="RES", "Resistor", IF(LEFT(D27,3)="CAP", "Capacitor", "Other")) -> Capacitor | O27: Done | P27: EIM
A28: 27 | B28: 490-1419-2-ND | C28: GRM1885C1H470JA01D | D28: CAP CER 47PF 50V C0G/NP0 0603 | E28: https://www.digikey.com/en/products/detail/murata-electronics/GRM1885C1H470JA01D/586904 | F28: 25 | G28: 0.12 | H28: =G28*F28 -> 3 | I28: =H28*26190 -> 78570 | J28: =_xlfn.TEXTBEFORE(_xlfn.TEXTAFTER(D28, "CER "), "F") -> 47P | K28: Farad (F) | M28: =RIGHT(TRIM(D28), 4) -> 0603 | N28: =IF(LEFT(D28,3)="RES", "Resistor", IF(LEFT(D28,3)="CAP", "Capacitor", "Other")) -> Capacitor | O28: Done | P28: EIM
A29: 28 | B29: 490-3285-2-ND | C29: GRM188R72A104KA35D | D29: CAP CER 0.1UF 100V X7R 0603 | E29: https://www.digikey.com/en/products/detail/murata-electronics/GRM188R72A104KA35D/702826 | F29: 25 | G29: 0.14 | H29: =G29*F29 -> 3.5 | I29: =H29*26190 -> 91665 | J29: =_xlfn.TEXTBEFORE(_xlfn.TEXTAFTER(D29, "CER "), "F") -> 0.1U | K29: Farad (F) | M29: =RIGHT(TRIM(D29), 4) -> 0603 | N29: =IF(LEFT(D29,3)="RES", "Resistor", IF(LEFT(D29,3)="CAP", "Capacitor", "Other")) -> Capacitor | O29: Done | P29: EIM
A30: 29 | B30: 490-GRM188R72A103KA01DTR-ND | C30: GRM188R72A103KA01D | D30: CAP CER 10000PF 100V X7R 0603 | E30: https://www.digikey.com/en/products/detail/murata-electronics/GRM188R72A103KA01D/3845635 | F30: 25 | G30: 0.1 | H30: =G30*F30 -> 2.5 | I30: =H30*26190 -> 65475 | J30: =_xlfn.TEXTBEFORE(_xlfn.TEXTAFTER(D30, "CER "), "F") -> 10000P | K30: Farad (F) | M30: =RIGHT(TRIM(D30), 4) -> 0603 | N30: =IF(LEFT(D30,3)="RES", "Resistor", IF(LEFT(D30,3)="CAP", "Capacitor", "Other")) -> Capacitor | O30: Done | P30: EIM
A31: 30 | B31: P49.9HTR-ND | C31: ERJ-3EKF49R9V | D31: RES SMD 49.9 OHM 1% 1/10W 0603 | E31: ERJ-3EKF49R9V Panasonic Electronic Components | Resistors | DigiKey | F31: 25 | G31: 0.1 | H31: =G31*F31 -> 2.5 | I31: =H31*26190 -> 65475 | J31: =TRIM(LEFT(SUBSTITUTE(TRIM(SUBSTITUTE(SUBSTITUTE(D31,"RES",""),"SMD",""))," ",REPT(" ",100)),100)) -> 49.9 | K31: Ohm (Ω) | L31: =_xlfn.TEXTAFTER(_xlfn.TEXTBEFORE(D31, "%"), " ", -1) & "%" -> 1% | M31: =RIGHT(TRIM(D31), 4) -> 0603 | N31: =IF(LEFT(D31,3)="RES", "Resistor", IF(LEFT(D31,3)="CAP", "Capacitor", "Other")) -> Resistor | O31: Done | P31: EIM
A32: 31 | B32: 505-AD8014ARZ-ND | C32: AD8014ARZ | D32: IC OPAMP CFA 1 CIRCUIT 8SOIC | E32: https://www.digikey.com/en/products/detail/analog-devices-inc/ad8014arz/620459 | F32: 4 | G32: 4.59 | H32: =G32*F32 -> 18.36 | I32: =H32*26190 -> 480848.4 | J32: NaN | K32: N/A | L32: NaN | M32: 8SOIC | N32: IC | O32: Done | P32: EIM
A33: 32 | B33: 490-1181-1-ND | C33: LQW18ANR27J00D | D33: FIXED IND 270NH 0603 (Murata LQW18, high-Q) | E33: https://www.digikey.com/en/products/detail/murata-electronics/LQW18ANR27J00D/584389 | F33: 25 | G33: 0.11 | H33: =G33*F33 -> 2.75 | I33: =H33*26190 -> 72022.5 | J33: 270n | K33: Henry (H) | M33: 0603 | N33: Inductor | O33: Done | P33: EIM
A34: 33 | B34: 490-1183-1-ND | C34: LQW18ANR39J00D | D34: FIXED IND 390NH 0603 (Murata LQW18, high-Q) | E34: https://www.digikey.com/en/products/detail/murata-electronics/LQW18ANR39J00D/584391 | F34: 25 | G34: 0.11 | H34: =G34*F34 -> 2.75 | I34: =H34*26190 -> 72022.5 | J34: 390n | K34: Henry (H) | M34: 0603 | N34: Inductor | O34: Done | P34: EIM
A35: 34 | B35: 490-1184-1-ND | C35: LQW18ANR47J00D | D35: FIXED IND 470NH 0603 (Murata LQW18, high-Q) | E35: https://www.digikey.com/en/products/detail/murata-electronics/LQW18ANR47J00D/584392 | F35: 25 | G35: 0.11 | H35: =G35*F35 -> 2.75 | I35: =H35*26190 -> 72022.5 | J35: 470n | K35: Henry (H) | M35: 0603 | N35: Inductor | O35: Done | P35: EIM
A36: 35 | B36: 535-11201-1-ND | C36: ASDMB-75.000MHZ-LY-T | D36: MEMS OSC XO 75.0000MHZ LVCMOS (AD9834 MCLK) | E36: https://www.digikey.com/en/products/detail/abracon-llc/ASDMB-75-000MHZ-LY-T/2624314 | F36: 4 | G36: 3.85 | H36: =G36*F36 -> 15.4 | I36: =H36*26190 -> 403326 | J36: 75M | K36: Hertz (Hz) | M36: 4-SMD | N36: Ocsillator | O36: Done | P36: EIM
A37: 36 | B37: 296-50411-1-ND | C37: TLV75533PDBVR | D37: IC REG LINEAR 3.3V 500MA | E37: https://www.digikey.com/en/products/detail/texas-instruments/TLV75533PDBVR/9356541 | F37: 10 | G37: 0.25 | H37: =G37*F37 -> 2.5 | I37: =H37*26190 -> 65475 | J37: NaN | K37: N/A | L37: NaN | M37: SOT-23-5 | N37: IC-Power | O37: Done | P37: EIM
A38: 37 | B38: F3733CT-ND | C38: 1206L050/15YR | D38: PTC RESET FUSE 15V 500MA 1206 (input protection) | E38: https://www.digikey.com/en/products/detail/littelfuse-inc/1206L050-15YR/1211396 | F38: 10 | G38: 0.426 | H38: =G38*F38 -> 4.26 | I38: =H38*26190 -> 111569.4 | J38: NaN | K38: N/A | M38: 1206 | N38: FUSE | O38: Done | P38: EIM
A39: 38 | B39: 4878-SMF5.0ACT-ND | C39: SMF5.0A | D39: TVS DIODE 5VWM 9.2VC SOD-123F (5V rail surge/ESD) | E39: https://www.digikey.com/en/products/detail/diotec-semiconductor/SMF5-0A/13163545 | F39: 10 | G39: 0.25 | H39: =G39*F39 -> 2.5 | I39: =H39*26190 -> 65475 | M39: SOD-123F | N39: Diode | O39: Done | P39: EIM
A40: 39 | B40: 296-40695-1-ND | C40: TPD2E2U06QDBZRQ1 | D40: TVS DIODE 5.5VWM 12.4VC SOT23-3 | E40: https://www.digikey.com/en/products/detail/texas-instruments/TPD2E2U06QDBZRQ1/5056067 | F40: 10 | G40: 0.422 | H40: =G40*F40 -> 4.22 | I40: =H40*26190 -> 110521.8 | N40: Diode | O40: Remove | P40: EIM
A41: 40 | B41: 1801-SS24CT-ND | C41: SS24 | D41: DIODE SCHOTTKY 40V 2A DO214AA | E41: https://www.digikey.sg/en/products/detail/taiwan-semiconductor-corporation/SS24/7369395?s=N4IgTCBcDaIIwA4AMcC0BldYAsAVASqgHIAiIAugL5A | F41: 10 | G41: 0.346 | H41: =G41*F41 -> 3.46 | I41: =H41*26190 -> 90617.4 | N41: Diode | O41: Done | P41: EIM
A42: 41 | B42: 490-5313-1-ND | C42: GRM32ER71E226KE15L | D42: CAP CER 22UF 25V X7R 1210 | E42: https://www.digikey.sg/en/products/detail/murata-electronics/grm32er71e226ke15l/2039040 | F42: 10 | G42: 1 | H42: =G42*F42 -> 10 | I42: =H42*26190 -> 261900 | J42: =_xlfn.TEXTBEFORE(_xlfn.TEXTAFTER(D42, "CER "), "F") -> 22U | K42: Farad (F) | M42: =RIGHT(TRIM(D42), 4) -> 1210 | N42: =IF(LEFT(D42,3)="RES", "Resistor", IF(LEFT(D42,3)="CAP", "Capacitor", "Other")) -> Capacitor | O42: Done | P42: EIM
A43: 42 | B43: 490-10700-1-ND | C43: GRM155R71H104KE14D | D43: CAP CER 0.1UF 50V X7R 0402 | E43: https://www.digikey.sg/en/products/detail/murata-electronics/grm155r71h104ke14d/4906220 | F43: 30 | G43: 0.14 | H43: =G43*F43 -> 4.2 | I43: =H43*26190 -> 109998 | J43: =_xlfn.TEXTBEFORE(_xlfn.TEXTAFTER(D43, "CER "), "F") -> 0.1U | K43: Farad (F) | M43: =RIGHT(TRIM(D43), 4) -> 0402 | N43: =IF(LEFT(D43,3)="RES", "Resistor", IF(LEFT(D43,3)="CAP", "Capacitor", "Other")) -> Capacitor | O43: Done | P43: EIM
A44: 43 | B44: 505-ADP5070AREZ-ND | C44: ADP5070AREZ | D44: IC REG BST SEPIC ADJ DL 20TSSOP | E44: https://www.digikey.sg/en/products/detail/analog-devices-inc/ADP5070AREZ/5408965?s=N4IgTCBcDaIKwAY4FoCCARACog7A1ASgKIBayAcuiALoC%2BQA | F44: 4 | G44: 10.75 | H44: =G44*F44 -> 43 | I44: =H44*26190 -> 1126170 | K44: N/A | L44: NaN | N44: IC-Power | O44: Done | P44: EIM
A45: 44 | B45: DFLS240-7DICT-ND | C45: DFLS240-7 | D45: DIODE SCHOTTK 40V 2A POWERDI 123 | E45: https://www.digikey.sg/en/products/detail/diodes-incorporated/DFLS240-7/1934953 | F45: 30 | G45: 0.476 | H45: =G45*F45 -> 14.28 | I45: =H45*26190 -> 373993.2 | N45: Diode | O45: Done | P45: EIM
A46: 45 | B46: 1712-CPF0603B604KE1CT-ND | C46: CPF0603B604KE1 | D46: RES 604 KOHM 0.1% 1/16W 0603 | E46: https://www.digikey.sg/en/products/detail/te-connectivity-passive-product/CPF0603B604KE1/7493601?s=N4IgTCBcDaIIwHY5gLQGEAKAxADANhwGYAhAgFgGkBROAFQCUUA5AERAF0BfIA | F46: 30 | G46: 0.24 | H46: =G46*F46 -> 7.2 | I46: =H46*26190 -> 188568 | J46: =TRIM(LEFT(SUBSTITUTE(TRIM(SUBSTITUTE(SUBSTITUTE(D46,"RES",""),"SMD",""))," ",REPT(" ",100)),100)) -> 604 | K46: Ohm (Ω) | L46: =_xlfn.TEXTAFTER(_xlfn.TEXTBEFORE(D46, "%"), " ", -1) & "%" -> 0.1% | M46: =RIGHT(TRIM(D46), 4) -> 0603 | N46: =IF(LEFT(D46,3)="RES", "Resistor", IF(LEFT(D46,3)="CAP", "Capacitor", "Other")) -> Resistor | O46: Done | P46: EIM
A47: 46 | B47: 311-100KHRCT-ND | C47: RC0603FR-07100KL | D47: RES 100K OHM 1% 1/10W 0603 | E47: https://www.digikey.sg/en/products/detail/vishay-dale/TNPW0603100KBEEN/1610202?s=N4IgTCBcDaIKwBYCMBaAzHAbAThWFAcgCIgC6AvkA | F47: 30 | G47: 0.1 | H47: =G47*F47 -> 3 | I47: =H47*26190 -> 78570 | J47: =TRIM(LEFT(SUBSTITUTE(TRIM(SUBSTITUTE(SUBSTITUTE(D47,"RES",""),"SMD",""))," ",REPT(" ",100)),100)) -> 100K | K47: Ohm (Ω) | L47: =_xlfn.TEXTAFTER(_xlfn.TEXTBEFORE(D47, "%"), " ", -1) & "%" -> 1% | M47: =RIGHT(TRIM(D47), 4) -> 0603 | N47: =IF(LEFT(D47,3)="RES", "Resistor", IF(LEFT(D47,3)="CAP", "Capacitor", "Other")) -> Resistor | O47: Done | P47: EIM
A48: 47 | B48: 311-649KHRCT-ND | C48: RC0603FR-07649KL | D48: RES 649K OHM 1% 1/10W 0603 | E48: https://www.digikey.sg/en/products/detail/yageo/rc0603fr-07649kl/727346 | F48: 30 | G48: 0.1 | H48: =G48*F48 -> 3 | I48: =H48*26190 -> 78570 | J48: =TRIM(LEFT(SUBSTITUTE(TRIM(SUBSTITUTE(SUBSTITUTE(D48,"RES",""),"SMD",""))," ",REPT(" ",100)),100)) -> 649K | K48: Ohm (Ω) | L48: =_xlfn.TEXTAFTER(_xlfn.TEXTBEFORE(D48, "%"), " ", -1) & "%" -> 1% | M48: =RIGHT(TRIM(D48), 4) -> 0603 | N48: =IF(LEFT(D48,3)="RES", "Resistor", IF(LEFT(D48,3)="CAP", "Capacitor", "Other")) -> Resistor | O48: Done | P48: EIM
A49: 48 | B49: 490-3886-1-ND | C49: GRM21BR61C106KE15L | D49: CAP CER 10UF 16V X5R 0805 | E49: https://www.digikey.sg/en/products/detail/murata-electronics/GRM21BR61C106KE15L/965900 | F49: 30 | G49: 0.12 | H49: =G49*F49 -> 3.6 | I49: =H49*26190 -> 94284 | J49: =_xlfn.TEXTBEFORE(_xlfn.TEXTAFTER(D49, "CER "), "F") -> 10U | K49: Farad (F) | M49: =RIGHT(TRIM(D49), 4) -> 0805 | N49: =IF(LEFT(D49,3)="RES", "Resistor", IF(LEFT(D49,3)="CAP", "Capacitor", "Other")) -> Capacitor | O49: Done | P49: EIM
A50: 49 | B50: 311-12.0KHRCT-ND | C50: RC0603FR-0712KL | D50: RES 12K OHM 1% 1/10W 0603 | E50: https://www.digikey.sg/en/products/detail/yageo/rc0603fr-0712kl/726913 | F50: 30 | G50: 0.1 | H50: =G50*F50 -> 3 | I50: =H50*26190 -> 78570 | J50: =TRIM(LEFT(SUBSTITUTE(TRIM(SUBSTITUTE(SUBSTITUTE(D50,"RES",""),"SMD",""))," ",REPT(" ",100)),100)) -> 12K | K50: Ohm (Ω) | L50: =_xlfn.TEXTAFTER(_xlfn.TEXTBEFORE(D50, "%"), " ", -1) & "%" -> 1% | M50: =RIGHT(TRIM(D50), 4) -> 0603 | N50: =IF(LEFT(D50,3)="RES", "Resistor", IF(LEFT(D50,3)="CAP", "Capacitor", "Other")) -> Resistor | O50: Done | P50: EIM
A51: 50 | B51: 490-5854-1-ND | C51: GCJ188R71H473KA12D | D51: CAP CER 0.047UF 50V X7R 0603 | E51: https://www.digikey.sg/en/products/detail/murata-electronics/GCJ188R71H473KA12D/2785873?s=N4IgTCBcDaICwE4AMBaArADjXFYUDkAREAXQF8g | F51: 30 | G51: 0.13 | H51: =G51*F51 -> 3.9 | I51: =H51*26190 -> 102141 | J51: =_xlfn.TEXTBEFORE(_xlfn.TEXTAFTER(D51, "CER "), "F") -> 0.047U | K51: Farad (F) | L51: 0.1 | M51: =RIGHT(TRIM(D51), 4) -> 0603 | N51: =IF(LEFT(D51,3)="RES", "Resistor", IF(LEFT(D51,3)="CAP", "Capacitor", "Other")) -> Capacitor | O51: Done | P51: EIM
A52: 51 | B52: 311-15.0KHRCT-ND | C52: RC0603FR-0715KL | D52: RES 15K OHM 1% 1/10W 0603 | E52: https://www.digikey.sg/en/products/detail/yageo/RC0603FR-0715KL/726953?s=N4IgTCBcDaIMwEYEFoEFYB0AGA0gCQCUAVA5AOQBEQBdAXyA | F52: 30 | G52: 0.1 | H52: =G52*F52 -> 3 | I52: =H52*26190 -> 78570 | J52: =TRIM(LEFT(SUBSTITUTE(TRIM(SUBSTITUTE(SUBSTITUTE(D52,"RES",""),"SMD",""))," ",REPT(" ",100)),100)) -> 15K | K52: Ohm (Ω) | L52: =_xlfn.TEXTAFTER(_xlfn.TEXTBEFORE(D52, "%"), " ", -1) & "%" -> 1% | M52: =RIGHT(TRIM(D52), 4) -> 0603 | N52: =IF(LEFT(D52,3)="RES", "Resistor", IF(LEFT(D52,3)="CAP", "Capacitor", "Other")) -> Resistor | O52: Done | P52: EIM
A53: 52 | B53: 490-5799-1-ND | C53: GCJ188R71H683KA12D | D53: CAP CER 0.068UF 50V X7R 0603 | E53: https://www.digikey.sg/en/products/detail/murata-electronics/gcj188r71h683ka12d/2783812 | F53: 30 | G53: 0.15 | H53: =G53*F53 -> 4.5 | I53: =H53*26190 -> 117855 | J53: =_xlfn.TEXTBEFORE(_xlfn.TEXTAFTER(D53, "CER "), "F") -> 0.068U | K53: Farad (F) | M53: =RIGHT(TRIM(D53), 4) -> 0603 | N53: =IF(LEFT(D53,3)="RES", "Resistor", IF(LEFT(D53,3)="CAP", "Capacitor", "Other")) -> Capacitor | O53: Done | P53: EIM
A54: 53 | B54: 490-1427-1-ND | C54: GRM1885C1H101JA01D | D54: CAP CER 100PF 50V C0G/NP0 0603 | E54: https://www.digikey.sg/en/products/detail/murata-electronics/grm1885c1h101ja01d/586921 | F54: 30 | G54: 0.08 | H54: =G54*F54 -> 2.4 | I54: =H54*26190 -> 62856 | J54: =_xlfn.TEXTBEFORE(_xlfn.TEXTAFTER(D54, "CER "), "F") -> 100P | K54: Farad (F) | M54: =RIGHT(TRIM(D54), 4) -> 0603 | N54: =IF(LEFT(D54,3)="RES", "Resistor", IF(LEFT(D54,3)="CAP", "Capacitor", "Other")) -> Capacitor | O54: Done | P54: EIM
A55: 54 | B55: 505-ADP7142AUJZ-5.0-R7CT-ND | C55: ADP7142AUJZ-5.0-R7 | D55: IC REG LINEAR 5V 200MA TSOT-23-5 | E55: https://www.digikey.sg/en/products/detail/analog-devices-inc/adp7142aujz-5-0-r7/5056896 | F55: 4 | G55: 4.05 | H55: =G55*F55 -> 16.2 | I55: =H55*26190 -> 424278 | J55: NaN | K55: N/A | L55: NaN | N55: IC-Power | O55: Done | P55: EIM
A56: 55 | B56: 505-ADP7182AUJZ-5.0-R7CT-ND | C56: ADP7182AUJZ-5.0-R7 | D56: IC REG LINEAR -5V 200MA TSOT-23-5 | E56: https://www.digikey.sg/en/products/detail/analog-devices-inc/adp7182aujz-5-0-r7/4901224 | F56: 4 | G56: 5.05 | H56: =G56*F56 -> 20.2 | I56: =H56*26190 -> 529038 | J56: NaN | K56: N/A | L56: NaN | N56: IC-Power | O56: Done | P56: EIM
A57: 56 | B57: 296-TPS7A2033PDBVRCT-ND | C57: TPS7A2033PDBVR | D57: IC REG LINEAR 3.3V 300MA SOT23-5 | E57: https://www.digikey.sg/en/products/detail/texas-instruments/tps7a2033pdbvr/13566866 | F57: 10 | G57: 0.32 | H57: =G57*F57 -> 3.2 | I57: =H57*26190 -> 83808 | J57: NaN | K57: N/A | L57: NaN | N57: IC-Power | O57: Done | P57: EIM
A58: 57 | B58: 296-50411-1-ND | C58: TLV75533PDBVR | D58: IC REG LINEAR 3.3V 500MA SOT23-5 | E58: https://www.digikey.sg/en/products/detail/texas-instruments/tlv75533pdbvr/9356541 | F58: 10 | G58: 0.36 | H58: =G58*F58 -> 3.6 | I58: =H58*26190 -> 94284 | J58: NaN | K58: N/A | L58: NaN | N58: IC-Power | O58: Done | P58: EIM
A59: 58 | B59: 490-5258-1-ND | C59: BLM18KG601SN1D | D59: FERRITE BEAD 600 OHM 0603 1LN | E59: https://www.digikey.sg/en/products/detail/murata-electronics/blm18kg601sn1d/1982766 | F59: 25 | G59: 0.1 | H59: =G59*F59 -> 2.5 | I59: =H59*26190 -> 65475 | J59: 600 | K59: Ohm (Ω) | M59: 0603 | N59: Ferrite bead | O59: Done | P59: EIM
A60: 59 | B60: 490-1543-1-ND | C60: GRM188R61A105KA61D | D60: CAP CER 1UF 10V X5R 0603 | E60: https://www.digikey.sg/en/products/detail/murata-electronics/GRM188R61A105KA61D/587071?s=N4IgTCBcDaICwE4AMBaAjAVjgZhWFAcgCIgC6AvkA | F60: 30 | G60: 0.11 | H60: =G60*F60 -> 3.3 | I60: =H60*26190 -> 86427 | J60: =_xlfn.TEXTBEFORE(_xlfn.TEXTAFTER(D60, "CER "), "F") -> 1U | K60: Farad (F) | M60: =RIGHT(TRIM(D60), 4) -> 0603 | N60: =IF(LEFT(D60,3)="RES", "Resistor", IF(LEFT(D60,3)="CAP", "Capacitor", "Other")) -> Capacitor | O60: Done | P60: EIM
A61: 60 | B61: 541-2.61KHCT-ND | C61: CRCW06032K61FKEA | D61: RES SMD 2.61K OHM 1% 1/8W 0603 | E61: https://www.digikey.com/en/products/detail/vishay-dale/CRCW06032K61FKEA/1174713 | F61: 25 | G61: 0.1 | H61: =G61*F61 -> 2.5 | I61: =H61*26190 -> 65475 | J61: =TRIM(LEFT(SUBSTITUTE(TRIM(SUBSTITUTE(SUBSTITUTE(D61,"RES",""),"SMD",""))," ",REPT(" ",100)),100)) -> 2.61K | K61: Ohm (Ω) | L61: =_xlfn.TEXTAFTER(_xlfn.TEXTBEFORE(D61, "%"), " ", -1) & "%" -> 1% | M61: =RIGHT(TRIM(D61), 4) -> 0603 | N61: =IF(LEFT(D61,3)="RES", "Resistor", IF(LEFT(D61,3)="CAP", "Capacitor", "Other")) -> Resistor | O61: Done | P61: EIM
A62: 61 | B62: 399-C0402C151K5RACTUCT-ND | C62: C0402C151K5RACTU | D62: CAP CER 150PF 50V X7R 0402 | E62: https://www.digikey.com/en/products/detail/kemet/C0402C151K5RACTU/1933627 | F62: 25 | G62: 0.34 | H62: =G62*F62 -> 8.5 | I62: =H62*26190 -> 222615 | J62: =_xlfn.TEXTBEFORE(_xlfn.TEXTAFTER(D62, "CER "), "F") -> 150P | K62: Farad (F) | M62: =RIGHT(TRIM(D62), 4) -> 0402 | N62: =IF(LEFT(D62,3)="RES", "Resistor", IF(LEFT(D62,3)="CAP", "Capacitor", "Other")) -> Capacitor | O62: Done | P62: EIM
A63: 62 | B63: 1276-1070-1-ND | C63: CL10C330JB8NNNC | D63: CAP CER 33PF 50V C0G/NP0 0603 | E63: https://www.digikey.com/en/products/detail/samsung-electro-mechanics/CL10C330JB8NNNC/3886728 | F63: 25 | G63: 0.1 | H63: =G63*F63 -> 2.5 | I63: =H63*26190 -> 65475 | J63: =_xlfn.TEXTBEFORE(_xlfn.TEXTAFTER(D63, "CER "), "F") -> 33P | K63: Farad (F) | M63: =RIGHT(TRIM(D63), 4) -> 0603 | N63: =IF(LEFT(D63,3)="RES", "Resistor", IF(LEFT(D63,3)="CAP", "Capacitor", "Other")) -> Capacitor | O63: Done | P63: EIM
A64: 63 | B64: 738-RNCF0603TKY49R9CT-ND | C64: RNCF0603TKY49R9 | D64: RES 49.9 OHM 0.01% 1/10W 0603 | E64: https://www.digikey.com/en/products/detail/stackpole-electronics-inc/RNCF0603TKY49R9/4072345 | F64: 12 | G64: 1.176 | H64: =G64*F64 -> 14.112 | I64: =H64*26190 -> 369593.28 | J64: =TRIM(LEFT(SUBSTITUTE(TRIM(SUBSTITUTE(SUBSTITUTE(D64,"RES",""),"SMD",""))," ",REPT(" ",100)),100)) -> 49.9 | K64: Ohm (Ω) | L64: =_xlfn.TEXTAFTER(_xlfn.TEXTBEFORE(D64, "%"), " ", -1) & "%" -> 0.01% | M64: =RIGHT(TRIM(D64), 4) -> 0603 | N64: =IF(LEFT(D64,3)="RES", "Resistor", IF(LEFT(D64,3)="CAP", "Capacitor", "Other")) -> Resistor | O64: Ordering | P64: EIM
A65: 64 | B65: RNCF0603TKY1K00CT-ND | C65: RNCF0603TKY1K00 | D65: RES SMD 1K OHM 0.01% 1/10W 0603 | E65: https://www.digikey.com/en/products/detail/stackpole-electronics-inc/RNCF0603TKY1K00/2269697 | F65: 10 | G65: 1.176 | H65: =G65*F65 -> 11.76 | I65: =H65*26190 -> 307994.4 | J65: =TRIM(LEFT(SUBSTITUTE(TRIM(SUBSTITUTE(SUBSTITUTE(D65,"RES",""),"SMD",""))," ",REPT(" ",100)),100)) -> 1K | K65: Ohm (Ω) | L65: =_xlfn.TEXTAFTER(_xlfn.TEXTBEFORE(D65, "%"), " ", -1) & "%" -> 0.01% | M65: =RIGHT(TRIM(D65), 4) -> 0603 | N65: =IF(LEFT(D65,3)="RES", "Resistor", IF(LEFT(D65,3)="CAP", "Capacitor", "Other")) -> Resistor | O65: Ordering | P65: EIM
A66: 65 | B66: 738-RNCF0603TKY499RCT-ND | C66: RNCF0603TKY499R | D66: RES SMD 499 OHM 0.01% 1/10W 0603 | E66: https://www.digikey.com/en/products/detail/stackpole-electronics-inc/RNCF0603TKY499R/4072346 | F66: 10 | G66: 1.176 | H66: =G66*F66 -> 11.76 | I66: =H66*26190 -> 307994.4 | J66: =TRIM(LEFT(SUBSTITUTE(TRIM(SUBSTITUTE(SUBSTITUTE(D66,"RES",""),"SMD",""))," ",REPT(" ",100)),100)) -> 499 | K66: Ohm (Ω) | L66: =_xlfn.TEXTAFTER(_xlfn.TEXTBEFORE(D66, "%"), " ", -1) & "%" -> 0.01% | M66: =RIGHT(TRIM(D66), 4) -> 0603 | N66: =IF(LEFT(D66,3)="RES", "Resistor", IF(LEFT(D66,3)="CAP", "Capacitor", "Other")) -> Resistor | O66: Ordering | P66: EIM
A67: 66 | B67: RG20N51WCT-ND | C67: RG2012N-510-W-T1 | D67: RES SMD 51 OHM 0.05% 1/8W 0805 | E67: https://www.digikey.com/en/products/detail/susumu/RG2012N-510-W-T1/600657 | F67: 10 | G67: 0.4816 | H67: =G67*F67 -> 4.816 | I67: =H67*26190 -> 126131.04 | J67: =TRIM(LEFT(SUBSTITUTE(TRIM(SUBSTITUTE(SUBSTITUTE(D67,"RES",""),"SMD",""))," ",REPT(" ",100)),100)) -> 51 | K67: Ohm (Ω) | L67: =_xlfn.TEXTAFTER(_xlfn.TEXTBEFORE(D67, "%"), " ", -1) & "%" -> 0.05% | M67: =RIGHT(TRIM(D67), 4) -> 0805 | N67: =IF(LEFT(D67,3)="RES", "Resistor", IF(LEFT(D67,3)="CAP", "Capacitor", "Other")) -> Resistor | O67: Ordering | P67: EIM
A68: 67 | B68: P100KBECT-ND | C68: ERA-3ARW104V | D68: RES SMD 100K OHM 0.05% 1/10W 0603 | E68: https://www.digikey.com/en/products/detail/panasonic-industry/ERA-3ARW104V/3073685 | F68: 10 | G68: 0.3412 | H68: =G68*F68 -> 3.412 | I68: =H68*26190 -> 89360.28 | J68: =TRIM(LEFT(SUBSTITUTE(TRIM(SUBSTITUTE(SUBSTITUTE(D68,"RES",""),"SMD",""))," ",REPT(" ",100)),100)) -> 100K | K68: Ohm (Ω) | L68: =_xlfn.TEXTAFTER(_xlfn.TEXTBEFORE(D68, "%"), " ", -1) & "%" -> 0.05% | M68: =RIGHT(TRIM(D68), 4) -> 0603 | N68: =IF(LEFT(D68,3)="RES", "Resistor", IF(LEFT(D68,3)="CAP", "Capacitor", "Other")) -> Resistor | O68: Ordering | P68: EIM
A69: 68 | B69: 408-RG1608N-103-W-T5CT-ND | C69: RG1608N-103-W-T5 | D69: RES SMD 10K OHM 0.05% 1/10W 0603 | E69: https://www.digikey.com/en/products/detail/susumu/RG1608N-103-W-T5/1257543 | F69: 20 | G69: 0.4208 | H69: =G69*F69 -> 8.416 | I69: =H69*26190 -> 220415.04 | J69: =TRIM(LEFT(SUBSTITUTE(TRIM(SUBSTITUTE(SUBSTITUTE(D69,"RES",""),"SMD",""))," ",REPT(" ",100)),100)) -> 10K | K69: Ohm (Ω) | L69: =_xlfn.TEXTAFTER(_xlfn.TEXTBEFORE(D69, "%"), " ", -1) & "%" -> 0.05% | M69: =RIGHT(TRIM(D69), 4) -> 0603 | N69: =IF(LEFT(D69,3)="RES", "Resistor", IF(LEFT(D69,3)="CAP", "Capacitor", "Other")) -> Resistor | O69: Ordering | P69: EIM
A70: 69 | B70: RG16N47WCT-ND | C70: RG1608N-470-W-T1 | D70: RES SMD 47 OHM 0.05% 1/10W 0603 | E70: https://www.digikey.com/en/products/detail/susumu/RG1608N-470-W-T1/600565 | F70: 10 | G70: 0.4404 | H70: =G70*F70 -> 4.404 | I70: =H70*26190 -> 115340.76 | J70: =TRIM(LEFT(SUBSTITUTE(TRIM(SUBSTITUTE(SUBSTITUTE(D70,"RES",""),"SMD",""))," ",REPT(" ",100)),100)) -> 47 | K70: Ohm (Ω) | L70: =_xlfn.TEXTAFTER(_xlfn.TEXTBEFORE(D70, "%"), " ", -1) & "%" -> 0.05% | M70: =RIGHT(TRIM(D70), 4) -> 0603 | N70: =IF(LEFT(D70,3)="RES", "Resistor", IF(LEFT(D70,3)="CAP", "Capacitor", "Other")) -> Resistor | O70: Ordering | P70: EIM
A71: 70 | B71: RNCF0603AKT10R0CT-ND | C71: RNCF0603AKT10R0 | D71: RES SMD 10 OHM 0.05% 1/10W 0603 | E71: https://www.digikey.com/en/products/detail/stackpole-electronics-inc/RNCF0603AKT10R0/4928378 | F71: 15 | G71: 0.65 | H71: =G71*F71 -> 9.75 | I71: =H71*26190 -> 255352.5 | J71: =TRIM(LEFT(SUBSTITUTE(TRIM(SUBSTITUTE(SUBSTITUTE(D71,"RES",""),"SMD",""))," ",REPT(" ",100)),100)) -> 10 | K71: Ohm (Ω) | L71: =_xlfn.TEXTAFTER(_xlfn.TEXTBEFORE(D71, "%"), " ", -1) & "%" -> 0.05% | M71: =RIGHT(TRIM(D71), 4) -> 0603 | N71: =IF(LEFT(D71,3)="RES", "Resistor", IF(LEFT(D71,3)="CAP", "Capacitor", "Other")) -> Resistor | O71: Ordering | P71: EIM
A72: 71 | B72: 490-16342-1-ND | C72: GRM1885C1H1R0WA01D | D72: CAP CER 1PF 50V C0G/NP0 0603 | E72: https://www.digikey.com/en/products/detail/murata-electronics/GRM1885C1H1R0WA01D/7363086 | F72: 25 | G72: 0.109 | H72: =G72*F72 -> 2.725 | I72: =H72*26190 -> 71367.75 | J72: =_xlfn.TEXTBEFORE(_xlfn.TEXTAFTER(D72, "CER "), "F") -> 1P | K72: Farad (F) | L72: 0.05 | M72: =RIGHT(TRIM(D72), 4) -> 0603 | N72: =IF(LEFT(D72,3)="RES", "Resistor", IF(LEFT(D72,3)="CAP", "Capacitor", "Other")) -> Capacitor | O72: Ordering | P72: EIM
A73: 72 | B73: 505-AD8066ARZ-R7CT-ND | C73: AD8066ARZ-R7 | D73: IC VOLTAGE FEEDBACK 2 CIRC 8SOIC | E73: https://www.digikey.com/en/products/detail/analog-devices-inc/AD8066ARZ-R7/654014 | F73: 4 | G73: 8.01 | H73: =G73*F73 -> 32.04 | I73: =H73*26190 -> 839127.6 | J73: NaN | K73: N/A | L73: NaN | M73: 8SOIC | N73: IC | O73: Ordering | P73: EIM
A74: 73 | B74: 505-ADP2303ARDZ-5.0-R7CT-ND | C74: ADP2303ARDZ-5.0-R7 | D74: IC REG BUCK 5V 3A 8SOIC | E74: https://www.digikey.com/en/products/detail/analog-devices-inc/ADP2303ARDZ-5-0-R7/2606549 | F74: 3 | G74: 4.19 | H74: =G74*F74 -> 12.57 | I74: =H74*26190 -> 329208.3 | J74: NaN | K74: N/A | L74: NaN | N74: IC-Power | O74: Ordering | P74: EIM
A75: 74 | B75: 505-ADP7118AUJZ-3.3-R7CT-ND | C75: ADP7118AUJZ-3.3-R7 | D75: IC REG LIN 3.3V 200MA TSOT-23-5 | E75: https://www.digikey.com/en/products/detail/analog-devices-inc/ADP7118AUJZ-3-3-R7/5056890 | F75: 3 | G75: 2.94 | H75: =G75*F75 -> 8.82 | I75: =H75*26190 -> 230995.8 | J75: NaN | K75: N/A | L75: NaN | N75: IC-Power | O75: Ordering | P75: EIM
A76: 75 | B76: 478-KGM15ACG1H102FTCT-ND | C76: KGM15ACG1H102FT | D76: CAP CER 1000PF 50V C0G/NP0 0603 | E76: https://www.digikey.com/en/products/detail/kemet/c0402c102k5ractu/411034 | F76: 10 | G76: 0.026 | H76: =G76*F76 -> 0.26 | I76: =H76*26190 -> 6809.4 | J76: =_xlfn.TEXTBEFORE(_xlfn.TEXTAFTER(D76, "CER "), "F") -> 1000P | K76: Farad (F) | L76: 0.01 | M76: =RIGHT(TRIM(D76), 4) -> 0603 | N76: =IF(LEFT(D76,3)="RES", "Resistor", IF(LEFT(D76,3)="CAP", "Capacitor", "Other")) -> Capacitor | O76: Ordering | P76: EIM
A77: 76 | B77: 2019-RN73R1JTTD22R0B25CT-ND | C77: RN73R1JTTD22R0B25 | D77: RES 22 OHM 0.1% 1/10W 0603 | E77: https://www.digikey.com/en/products/detail/koa-speer-electronics-inc/RN73R1JTTD22R0B25/10013029 | F77: 10 | G77: 0.07 | H77: =G77*F77 -> 0.7 | I77: =H77*26190 -> 18333 | J77: =TRIM(LEFT(SUBSTITUTE(TRIM(SUBSTITUTE(SUBSTITUTE(D77,"RES",""),"SMD",""))," ",REPT(" ",100)),100)) -> 22 | K77: Ohm (Ω) | L77: =_xlfn.TEXTAFTER(_xlfn.TEXTBEFORE(D77, "%"), " ", -1) & "%" -> 0.1% | M77: =RIGHT(TRIM(D77), 4) -> 0603 | N77: =IF(LEFT(D77,3)="RES", "Resistor", IF(LEFT(D77,3)="CAP", "Capacitor", "Other")) -> Resistor | O77: Ordering | P77: EIM
A78: 77 | B78: 490-GCM1885C2A561FA16DCT-ND | C78: GCM1885C2A561FA16D | D78: CAP CER 560PF 100V C0G/NP0 0603 | E78: https://www.digikey.com/en/products/detail/murata-electronics/GCM1885C2A561FA16D/11618566 | F78: 25 | G78: 0.082 | H78: =G78*F78 -> 2.05 | I78: =H78*26190 -> 53689.5 | J78: =_xlfn.TEXTBEFORE(_xlfn.TEXTAFTER(D78, "CER "), "F") -> 560P | K78: Farad (F) | L78: 0.01 | M78: =RIGHT(TRIM(D78), 4) -> 0603 | N78: =IF(LEFT(D78,3)="RES", "Resistor", IF(LEFT(D78,3)="CAP", "Capacitor", "Other")) -> Capacitor | O78: Ordering | P78: EIM | Q78: Replace 720p
A79: 78 | B79: 399-14491-1-ND | C79: C0603C161F5GACTU | D79: CAP CER 160PF 50V C0G/NP0 0603 | E79: https://www.digikey.com/en/products/detail/kemet/C0603C161F5GACTU/2200035 | F79: 20 | G79: 0.713 | H79: =G79*F79 -> 14.26 | I79: =H79*26190 -> 373469.4 | J79: =_xlfn.TEXTBEFORE(_xlfn.TEXTAFTER(D79, "CER "), "F") -> 160P | K79: Farad (F) | L79: 0.01 | M79: =RIGHT(TRIM(D79), 4) -> 0603 | N79: =IF(LEFT(D79,3)="RES", "Resistor", IF(LEFT(D79,3)="CAP", "Capacitor", "Other")) -> Capacitor | O79: Ordering | P79: EIM
A80: 79 | B80: 311-3897-1-ND | C80: CC0603FRNPO9BN390 | D80: CAP CER 39PF 50V C0G/NPO 0603 | E80: https://www.digikey.sg/en/products/detail/yageo/CC0603FRNPO9BN390/5883506 | F80: 10 | G80: 0.118 | H80: =G80*F80 -> 1.18 | I80: =H80*26190 -> 30904.2 | J80: =_xlfn.TEXTBEFORE(_xlfn.TEXTAFTER(D80, "CER "), "F") -> 39P | K80: Farad (F) | L80: 0.01 | M80: =RIGHT(TRIM(D80), 4) -> 0603 | N80: =IF(LEFT(D80,3)="RES", "Resistor", IF(LEFT(D80,3)="CAP", "Capacitor", "Other")) -> Capacitor | O80: Ordering | P80: EIM
A81: 80 | B81: 399-C0603C681F5GACTUCT-ND | C81: C0603C681F5GACTU | D81: CAP CER 680PF 50V C0G/NP0 0603 | E81: https://www.digikey.com/en/products/detail/kemet/C0603C681F5GACTU/2201080 | F81: 10 | G81: 0.592 | H81: =G81*F81 -> 5.92 | I81: =H81*26190 -> 155044.8 | J81: =_xlfn.TEXTBEFORE(_xlfn.TEXTAFTER(D81, "CER "), "F") -> 680P | K81: Farad (F) | L81: 0.01 | M81: =RIGHT(TRIM(D81), 4) -> 0603 | N81: =IF(LEFT(D81,3)="RES", "Resistor", IF(LEFT(D81,3)="CAP", "Capacitor", "Other")) -> Capacitor | O81: Ordering | P81: EIM
A82: 81 | B82: 445-MLF1608A1R0JT000CT-ND | C82: MLF1608A1R0JT000 | D82: FIXED IND 1UH 50MA 500 MOHM SMD | E82: https://www.digikey.com/en/products/detail/tdk/MLF1608A1R0JT000/612989 | F82: 10 | G82: 0.115 | H82: =G82*F82 -> 1.15 | I82: =H82*26190 -> 30118.5 | J82: 1u | K82: Henry (H) | L82: 0.05 | M82: 0603 | N82: Inductor | O82: Ordering | P82: EIM
A83: 82 | B83: 445-175367-1-ND | C83: MLF1608A1R5JT000 | D83: FIXED IND 1.5UH 50MA 700 MOHM | E83: https://www.digikey.com/en/products/detail/tdk/MLF1608A1R5JT000/612991 | F83: 10 | G83: 0.115 | H83: =G83*F83 -> 1.15 | I83: =H83*26190 -> 30118.5 | J83: 1.5u | K83: Henry (H) | L83: 0.05 | M83: 0603 | N83: Inductor | O83: Ordering | P83: EIM
A84: 83 | B84: 445-MLF1608A1R8JT000CT-ND | C84: MLF1608A1R8JT000 | D84: FIXED IND 1.8UH 50MA 850 MOHM | E84: https://www.digikey.com/en/products/detail/tdk/MLF1608A1R8JT000/612992 | F84: 10 | G84: 0.115 | H84: =G84*F84 -> 1.15 | I84: =H84*26190 -> 30118.5 | J84: 1.8u | K84: Henry (H) | L84: 0.05 | M84: 0603 | N84: Inductor | O84: Ordering | P84: EIM
A85: 84 | B85: 13-CC0603FRNPO9BN201CT-ND | C85: CC0603FRNPO9BN201 | D85: CAP CER 200PF 50V C0G/NPO 0603 | E85: https://www.digikey.com/en/products/detail/yageo/CC0603FRNPO9BN201/11490449 | F85: 10 | G85: 0.136 | H85: =G85*F85 -> 1.36 | I85: =H85*26190 -> 35618.4 | J85: =_xlfn.TEXTBEFORE(_xlfn.TEXTAFTER(D85, "CER "), "F") -> 200P | K85: Farad (F) | L85: 0.01 | M85: =RIGHT(TRIM(D85), 4) -> 0603 | N85: =IF(LEFT(D85,3)="RES", "Resistor", IF(LEFT(D85,3)="CAP", "Capacitor", "Other")) -> Capacitor | O85: Ordering | P85: EIM
A86: 85 | B86: 399-C0603C391F5GACTUCT-ND | C86: C0603C391F5GACTU | D86: CAP CER 390PF 50V C0G/NP0 0603 | E86: https://www.digikey.com/en/products/detail/kemet/C0603C391F5GACTU/2200659 | F86: 5 | G86: 1.14 | H86: =G86*F86 -> 5.7 | I86: =H86*26190 -> 149283 | J86: =_xlfn.TEXTBEFORE(_xlfn.TEXTAFTER(D86, "CER "), "F") -> 390P | K86: Farad (F) | L86: 0.01 | M86: =RIGHT(TRIM(D86), 4) -> 0603 | N86: =IF(LEFT(D86,3)="RES", "Resistor", IF(LEFT(D86,3)="CAP", "Capacitor", "Other")) -> Capacitor | O86: Ordering | P86: EIM | Q86: Replace 400pF
A87: 86 | B87: 1276-1069-1-ND | C87: CL10C100CB8NNNC | D87: CAP CER 10PF 50V C0G/NP0 0603 | E87: https://www.digikey.com/en/products/detail/samsung-electro-mechanics/CL10C100CB8NNNC/3886727 | F87: 50 | G87: 0.0192 | H87: =G87*F87 -> 0.96 | I87: =H87*26190 -> 25142.4 | J87: =_xlfn.TEXTBEFORE(_xlfn.TEXTAFTER(D87, "CER "), "F") -> 10P | K87: Farad (F) | L87: 0.0025 | M87: =RIGHT(TRIM(D87), 4) -> 0603 | N87: =IF(LEFT(D87,3)="RES", "Resistor", IF(LEFT(D87,3)="CAP", "Capacitor", "Other")) -> Capacitor | O87: Ordering | P87: EIM
A88: 87 | B88: 490-8120-1-ND | C88: GQM1875C2E120GB12D | D88: CAP CER 12PF 250V C0G/NP0 0603 | E88: https://www.digikey.com/en/products/detail/murata-electronics/GQM1875C2E120GB12D/2593381 | F88: 10 | G88: 0.23 | H88: 2.3 | I88: 60,237 ₫ | J88: 12P | K88: Farad (F) | L88: 0.02 | M88: 603 | N88: Capacitor | O88: Ordering | P88: EIM | Q88: Replace 132pF
A89: 88 | B89: 399-C0603C121F5GACTUCT-ND | C89: C0603C121F5GACTU | D89: CAP CER 120PF 50V C0G/NP0 0603 | E89: https://www.digikey.com/en/products/detail/kemet/c0603c121f5gactu/2199842 | F89: 10 | G89: 1.01 | H89: =G89*F89 -> 10.1 | I89: =H89*26190 -> 264519 | J89: =_xlfn.TEXTBEFORE(_xlfn.TEXTAFTER(D89, "CER "), "F") -> 120P | K89: Farad (F) | L89: 0.01 | M89: =RIGHT(TRIM(D89), 4) -> 0603 | N89: =IF(LEFT(D89,3)="RES", "Resistor", IF(LEFT(D89,3)="CAP", "Capacitor", "Other")) -> Capacitor | O89: Ordering | P89: EIM
A90: 89 | B90: 311-3906-1-ND | C90: CC0603FRNPO9BN820 | D90: CAP CER 82PF 50V C0G/NPO 0603 | E90: https://www.digikey.com/en/products/detail/yageo/CC0603FRNPO9BN820/5883518 | F90: 10 | G90: 0.086 | H90: =G90*F90 -> 0.86 | I90: =H90*26190 -> 22523.4 | J90: =_xlfn.TEXTBEFORE(_xlfn.TEXTAFTER(D90, "CER "), "F") -> 82P | K90: Farad (F) | L90: 0.01 | M90: =RIGHT(TRIM(D90), 4) -> 0603 | N90: =IF(LEFT(D90,3)="RES", "Resistor", IF(LEFT(D90,3)="CAP", "Capacitor", "Other")) -> Capacitor | O90: Ordering | P90: EIM
A91: 90 | B91: 478-KGM15ACG1H221FTCT-ND | C91: KGM15ACG1H221FT | D91: CAP CER 220PF 50V C0G/NP0 0603 | E91: https://www.digikey.sg/en/products/detail/kyocera-avx/KGM15ACG1H221FT/1116245 | F91: 10 | G91: 0.322 | H91: =G91*F91 -> 3.22 | I91: =H91*26190 -> 84331.8 | J91: =_xlfn.TEXTBEFORE(_xlfn.TEXTAFTER(D91, "CER "), "F") -> 220P | K91: Farad (F) | L91: 0.01 | M91: =RIGHT(TRIM(D91), 4) -> 0603 | N91: =IF(LEFT(D91,3)="RES", "Resistor", IF(LEFT(D91,3)="CAP", "Capacitor", "Other")) -> Capacitor | O91: Ordering | P91: EIM
A92: 91 | B92: 399-C0805C473J3GACTUCT-ND | C92: C0805C473J3GACTU | D92: CAP CER 0.047UF 25V C0G/NP0 0805 | E92: https://www.digikey.com/en/products/detail/kemet/C0805C473J3GACTU/2212853 | F92: 10 | G92: 0.77 | H92: =G92*F92 -> 7.7 | I92: =H92*26190 -> 201663 | J92: =_xlfn.TEXTBEFORE(_xlfn.TEXTAFTER(D92, "CER "), "F") -> 0.047U | K92: Farad (F) | L92: 0.01 | M92: =RIGHT(TRIM(D92), 4) -> 0805 | N92: =IF(LEFT(D92,3)="RES", "Resistor", IF(LEFT(D92,3)="CAP", "Capacitor", "Other")) -> Capacitor | O92: Ordering | P92: EIM
A93: 92 | B93: RNCF0603TKY100RCT-ND | C93: RNCF0603TKY100R | D93: RES SMD 100 OHM 0.01% 1/10W 0603 | E93: https://www.digikey.com/en/products/detail/stackpole-electronics-inc/RNCF0603TKY100R/2269696 | F93: 10 | G93: 1.334 | H93: =G93*F93 -> 13.34 | I93: =H93*26190 -> 349374.6 | J93: =TRIM(LEFT(SUBSTITUTE(TRIM(SUBSTITUTE(SUBSTITUTE(D93,"RES",""),"SMD",""))," ",REPT(" ",100)),100)) -> 100 | K93: Ohm (Ω) | L93: =_xlfn.TEXTAFTER(_xlfn.TEXTBEFORE(D93, "%"), " ", -1) & "%" -> 0.01% | M93: =RIGHT(TRIM(D93), 4) -> 0603 | N93: =IF(LEFT(D93,3)="RES", "Resistor", IF(LEFT(D93,3)="CAP", "Capacitor", "Other")) -> Resistor | O93: Ordering | P93: EIM
A94: 93 | B94: 712-QSCP251Q1R0A1GV001TCT-ND | C94: QSCP251Q1R0A1GV001T | D94: CAP CER 1PF 250V NP0 0603 | E94: https://www.digikey.com/en/products/detail/johanson-technology-inc/QSCP251Q1R0A1GV001T/1919340 | F94: 25 | G94: 0.222 | H94: =G94*F94 -> 5.55 | I94: =H94*26190 -> 145354.5 | J94: =_xlfn.TEXTBEFORE(_xlfn.TEXTAFTER(D94, "CER "), "F") -> 1P | K94: Farad (F) | L94: 0.0005 | M94: =RIGHT(TRIM(D94), 4) -> 0603 | N94: =IF(LEFT(D94,3)="RES", "Resistor", IF(LEFT(D94,3)="CAP", "Capacitor", "Other")) -> Capacitor | O94: Ordering | P94: EIM
A95: 94 | B95: 490-GRT1885C1E103FA02DCT-ND | C95: GRT1885C1E103FA02D | D95: CAP CER 10000PF 25V C0G/NP0 0603 | E95: https://www.digikey.com/en/products/detail/murata-electronics/GRT1885C1E103FA02D/16033576 | F95: 10 | G95: 0.127 | H95: =G95*F95 -> 1.27 | I95: =H95*26190 -> 33261.3 | J95: =_xlfn.TEXTBEFORE(_xlfn.TEXTAFTER(D95, "CER "), "F") -> 10000P | K95: Farad (F) | L95: 0.01 | M95: =RIGHT(TRIM(D95), 4) -> 0603 | N95: =IF(LEFT(D95,3)="RES", "Resistor", IF(LEFT(D95,3)="CAP", "Capacitor", "Other")) -> Capacitor | O95: Ordering | P95: EIM | Q95: 0.01uF
A96: 95 | B96: P2.0KBECT-ND | C96: ERA-3ARW202V | D96: RES SMD 2K OHM 0.05% 1/10W 0603 | E96: https://www.digikey.com/en/products/detail/panasonic-industry/ERA-3ARW202V/3073698 | F96: 10 | G96: 0.3892 | H96: =G96*F96 -> 3.892 | I96: =H96*26190 -> 101931.48 | J96: =TRIM(LEFT(SUBSTITUTE(TRIM(SUBSTITUTE(SUBSTITUTE(D96,"RES",""),"SMD",""))," ",REPT(" ",100)),100)) -> 2K | K96: Ohm (Ω) | L96: =_xlfn.TEXTAFTER(_xlfn.TEXTBEFORE(D96, "%"), " ", -1) & "%" -> 0.05% | M96: =RIGHT(TRIM(D96), 4) -> 0603 | N96: =IF(LEFT(D96,3)="RES", "Resistor", IF(LEFT(D96,3)="CAP", "Capacitor", "Other")) -> Resistor | O96: Ordering | P96: EIM
A97: 96 | B97: 10-ERA-3AEB52R3VCT-ND | C97: ERA-3AEB52R3V | D97: RES SMD 52.3 OHM 0.1% 1/10W 0603 | E97: https://www.digikey.sg/en/products/detail/panasonic-industry/ERA-3AEB52R3V/2026633 | F97: 25 | G97: 0.0888 | H97: =G97*F97 -> 2.22 | I97: =H97*26190 -> 58141.8 | J97: =TRIM(LEFT(SUBSTITUTE(TRIM(SUBSTITUTE(SUBSTITUTE(D97,"RES",""),"SMD",""))," ",REPT(" ",100)),100)) -> 52.3 | K97: Ohm (Ω) | L97: =_xlfn.TEXTAFTER(_xlfn.TEXTBEFORE(D97, "%"), " ", -1) & "%" -> 0.1% | M97: =RIGHT(TRIM(D97), 4) -> 0603 | N97: =IF(LEFT(D97,3)="RES", "Resistor", IF(LEFT(D97,3)="CAP", "Capacitor", "Other")) -> Resistor | O97: Ordering | P97: EIM
A98: 97 | B98: 490-GCM31C5C1H104FA16LCT-ND | C98: GCM31C5C1H104FA16L | D98: CAP CER 0.1UF 50V C0G/NP0 1206 | E98: https://www.digikey.com/en/products/detail/murata-electronics/GCM31C5C1H104FA16L/11618865 | F98: 10 | G98: 0.67 | H98: =G98*F98 -> 6.7 | I98: =H98*26190 -> 175473 | J98: =_xlfn.TEXTBEFORE(_xlfn.TEXTAFTER(D98, "CER "), "F") -> 0.1U | K98: Farad (F) | L98: 0.01 | M98: =RIGHT(TRIM(D98), 4) -> 1206 | N98: =IF(LEFT(D98,3)="RES", "Resistor", IF(LEFT(D98,3)="CAP", "Capacitor", "Other")) -> Capacitor | O98: Ordering | P98: EIM | Q98: C44, C54, C4, C1, C9
A99: 98 | B99: RMCF0805FT60K4CT-ND | C99: RMCF0805FT60K4 | D99: RES 60.4K OHM 1% 1/8W 0805 | E99: https://www.digikey.com/en/products/detail/texas-instruments/TLV75533PDBVR/9356541 | F99: 10 | G99: 0.258 | H99: =G99*F99 -> 2.58 | I99: =H99*26190 -> 67570.2 | J99: =TRIM(LEFT(SUBSTITUTE(TRIM(SUBSTITUTE(SUBSTITUTE(D99,"RES",""),"SMD",""))," ",REPT(" ",100)),100)) -> 60.4K | K99: Ohm (Ω) | L99: =_xlfn.TEXTAFTER(_xlfn.TEXTBEFORE(D99, "%"), " ", -1) & "%" -> 1% | M99: =RIGHT(TRIM(D99), 4) -> 0805 | N99: =IF(LEFT(D99,3)="RES", "Resistor", IF(LEFT(D99,3)="CAP", "Capacitor", "Other")) -> Resistor | O99: Ordering | P99: EIM
A100: 99 | B100: 311-24.3KCRCT-ND | C100: RC0805FR-0724K3L | D100: RES 24.3K OHM 1% 1/8W 0805 | E100: https://www.digikey.sg/en/products/detail/yageo/RC0805FR-0724K3L/727758 | F100: 25 | G100: 0.044 | H100: =G100*F100 -> 1.1 | I100: =H100*26190 -> 28809 | J100: =TRIM(LEFT(SUBSTITUTE(TRIM(SUBSTITUTE(SUBSTITUTE(D100,"RES",""),"SMD",""))," ",REPT(" ",100)),100)) -> 24.3K | K100: Ohm (Ω) | L100: =_xlfn.TEXTAFTER(_xlfn.TEXTBEFORE(D100, "%"), " ", -1) & "%" -> 1% | M100: =RIGHT(TRIM(D100), 4) -> 0805 | N100: =IF(LEFT(D100,3)="RES", "Resistor", IF(LEFT(D100,3)="CAP", "Capacitor", "Other")) -> Resistor | O100: Ordering | P100: EIM
...

Sheet EIM_Tracker
A1: No. (1st sheet) | B1: MPN | C1: Description | D1: Value | E1: Package | F1: Qty Ordered | G1: Qty Required | H1: Qty Used | I1: Remaining (= Ordered − Used) | J1: Category | K1: Status | L1: Remarks / Notes | N1: Validate with order | O1: Validate with schematic
A2: =KhoiVTM!A2 -> 1 | B2: =KhoiVTM!C2 -> AD9834BRUZ-REEL7 | C2: =KhoiVTM!D2 -> IC DDS 50MHZ 10BIT 20TSSOP | D2: — | E2: 20-TSSOP | F2: =KhoiVTM!F2 -> 4 | G2: =Kicad_Extract!D62 -> 1 | H2: 0 | I2: =F2-H2 -> 4 | J2: =IF(LEFT(C2,3)="RES", "Resistor", IF(LEFT(C2,3)="CAP", "Capacitor", "Other")) -> Other | K2: Done | N2: =IFERROR(IF(ISERROR(MATCH(B2,KhoiVTM!$C:$C,0)),"Not Found",IF((EXACT(C2,IFERROR(INDEX(KhoiVTM!$D:$D,MATCH(B2,KhoiVTM!$C:$C,0)),"__NA__"))*1)+(IFERROR(F2=INDEX(KhoiVTM!$F:$F,MATCH(B2,KhoiVTM!$C:$C,0)),FALSE())*1)+(IFERROR(OR(AND(OR(D2="—",D2=""),OR(TEXT(INDEX(KhoiVTM!$J:$J,MATCH(B2,KhoiVTM!$C:$C,0)),"@")="",TEXT(INDEX(KhoiVTM!$J:$J,MATCH(B2,KhoiVTM!$C:$C,0)),"@")="—")),EXACT(TEXT(D2,"@"),TEXT(INDEX(KhoiVTM!$J:$J,MATCH(B2,KhoiVTM!$C:$C,0)),"@"))),FALSE())*1)+(IFERROR(OR(AND(OR(E2="—",E2=""),OR(TEXT(INDEX(KhoiVTM!$M:$M,MATCH(B2,KhoiVTM!$C:$C,0)),"@")="",TEXT(INDEX(KhoiVTM!$M:$M,MATCH(B2,KhoiVTM!$C:$C,0)),"@")="—")),EXACT(TEXT(E2,"@"),TEXT(INDEX(KhoiVTM!$M:$M,MATCH(B2,KhoiVTM!$C:$C,0)),"@"))),FALSE())*1)=4,"Match",IF((EXACT(C2,IFERROR(INDEX(KhoiVTM!$D:$D,MATCH(B2,KhoiVTM!$C:$C,0)),"__NA__"))*1)+(IFERROR(F2=INDEX(KhoiVTM!$F:$F,MATCH(B2,KhoiVTM!$C:$C,0)),FALSE())*1)+(IFERROR(OR(AND(OR(D2="—",D2=""),OR(TEXT(INDEX(KhoiVTM!$J:$J,MATCH(B2,KhoiVTM!$C:$C,0)),"@")="",TEXT(INDEX(KhoiVTM!$J:$J,MATCH(B2,KhoiVTM!$C:$C,0)),"@")="—")),EXACT(TEXT(D2,"@"),TEXT(INDEX(KhoiVTM!$J:$J,MATCH(B2,KhoiVTM!$C:$C,0)),"@"))),FALSE())*1)+(IFERROR(OR(AND(OR(E2="—",E2=""),OR(TEXT(INDEX(KhoiVTM!$M:$M,MATCH(B2,KhoiVTM!$C:$C,0)),"@")="",TEXT(INDEX(KhoiVTM!$M:$M,MATCH(B2,KhoiVTM!$C:$C,0)),"@")="—")),EXACT(TEXT(E2,"@"),TEXT(INDEX(KhoiVTM!$M:$M,MATCH(B2,KhoiVTM!$C:$C,0)),"@"))),FALSE())*1)>=3,"Partial","Mismatch"))),"Not Found") -> Partial
A3: =KhoiVTM!A3 -> 2 | B3: =KhoiVTM!C3 -> AD8302ARUZ | C3: =KhoiVTM!D3 -> IC RF DETECT 2.7GHZ 14TSSOP | D3: — | E3: 14-TSSOP | F3: =KhoiVTM!F3 -> 4 | G3: 1 | H3: 0 | I3: =F3-H3 -> 4 | J3: =IF(LEFT(C3,3)="RES", "Resistor", IF(LEFT(C3,3)="CAP", "Capacitor", "Other")) -> Other | K3: Done | N3: =IFERROR(IF(ISERROR(MATCH(B3,KhoiVTM!$C:$C,0)),"Not Found",IF((EXACT(C3,IFERROR(INDEX(KhoiVTM!$D:$D,MATCH(B3,KhoiVTM!$C:$C,0)),"__NA__"))*1)+(IFERROR(F3=INDEX(KhoiVTM!$F:$F,MATCH(B3,KhoiVTM!$C:$C,0)),FALSE())*1)+(IFERROR(OR(AND(OR(D3="—",D3=""),OR(TEXT(INDEX(KhoiVTM!$J:$J,MATCH(B3,KhoiVTM!$C:$C,0)),"@")="",TEXT(INDEX(KhoiVTM!$J:$J,MATCH(B3,KhoiVTM!$C:$C,0)),"@")="—")),EXACT(TEXT(D3,"@"),TEXT(INDEX(KhoiVTM!$J:$J,MATCH(B3,KhoiVTM!$C:$C,0)),"@"))),FALSE())*1)+(IFERROR(OR(AND(OR(E3="—",E3=""),OR(TEXT(INDEX(KhoiVTM!$M:$M,MATCH(B3,KhoiVTM!$C:$C,0)),"@")="",TEXT(INDEX(KhoiVTM!$M:$M,MATCH(B3,KhoiVTM!$C:$C,0)),"@")="—")),EXACT(TEXT(E3,"@"),TEXT(INDEX(KhoiVTM!$M:$M,MATCH(B3,KhoiVTM!$C:$C,0)),"@"))),FALSE())*1)=4,"Match",IF((EXACT(C3,IFERROR(INDEX(KhoiVTM!$D:$D,MATCH(B3,KhoiVTM!$C:$C,0)),"__NA__"))*1)+(IFERROR(F3=INDEX(KhoiVTM!$F:$F,MATCH(B3,KhoiVTM!$C:$C,0)),FALSE())*1)+(IFERROR(OR(AND(OR(D3="—",D3=""),OR(TEXT(INDEX(KhoiVTM!$J:$J,MATCH(B3,KhoiVTM!$C:$C,0)),"@")="",TEXT(INDEX(KhoiVTM!$J:$J,MATCH(B3,KhoiVTM!$C:$C,0)),"@")="—")),EXACT(TEXT(D3,"@"),TEXT(INDEX(KhoiVTM!$J:$J,MATCH(B3,KhoiVTM!$C:$C,0)),"@"))),FALSE())*1)+(IFERROR(OR(AND(OR(E3="—",E3=""),OR(TEXT(INDEX(KhoiVTM!$M:$M,MATCH(B3,KhoiVTM!$C:$C,0)),"@")="",TEXT(INDEX(KhoiVTM!$M:$M,MATCH(B3,KhoiVTM!$C:$C,0)),"@")="—")),EXACT(TEXT(E3,"@"),TEXT(INDEX(KhoiVTM!$M:$M,MATCH(B3,KhoiVTM!$C:$C,0)),"@"))),FALSE())*1)>=3,"Partial","Mismatch"))),"Not Found") -> Partial
A4: =KhoiVTM!A4 -> 3 | B4: =KhoiVTM!C4 -> STM32F411RET6 | C4: =KhoiVTM!D4 -> IC MCU 32BIT 512KB FLASH 64LQFP | D4: — | E4: 64-LQFP | F4: =KhoiVTM!F4 -> 2 | G4: 0 | H4: 0 | I4: =F4-H4 -> 2 | J4: =IF(LEFT(C4,3)="RES", "Resistor", IF(LEFT(C4,3)="CAP", "Capacitor", "Other")) -> Other | K4: Done | N4: =IFERROR(IF(ISERROR(MATCH(B4,KhoiVTM!$C:$C,0)),"Not Found",IF((EXACT(C4,IFERROR(INDEX(KhoiVTM!$D:$D,MATCH(B4,KhoiVTM!$C:$C,0)),"__NA__"))*1)+(IFERROR(F4=INDEX(KhoiVTM!$F:$F,MATCH(B4,KhoiVTM!$C:$C,0)),FALSE())*1)+(IFERROR(OR(AND(OR(D4="—",D4=""),OR(TEXT(INDEX(KhoiVTM!$J:$J,MATCH(B4,KhoiVTM!$C:$C,0)),"@")="",TEXT(INDEX(KhoiVTM!$J:$J,MATCH(B4,KhoiVTM!$C:$C,0)),"@")="—")),EXACT(TEXT(D4,"@"),TEXT(INDEX(KhoiVTM!$J:$J,MATCH(B4,KhoiVTM!$C:$C,0)),"@"))),FALSE())*1)+(IFERROR(OR(AND(OR(E4="—",E4=""),OR(TEXT(INDEX(KhoiVTM!$M:$M,MATCH(B4,KhoiVTM!$C:$C,0)),"@")="",TEXT(INDEX(KhoiVTM!$M:$M,MATCH(B4,KhoiVTM!$C:$C,0)),"@")="—")),EXACT(TEXT(E4,"@"),TEXT(INDEX(KhoiVTM!$M:$M,MATCH(B4,KhoiVTM!$C:$C,0)),"@"))),FALSE())*1)=4,"Match",IF((EXACT(C4,IFERROR(INDEX(KhoiVTM!$D:$D,MATCH(B4,KhoiVTM!$C:$C,0)),"__NA__"))*1)+(IFERROR(F4=INDEX(KhoiVTM!$F:$F,MATCH(B4,KhoiVTM!$C:$C,0)),FALSE())*1)+(IFERROR(OR(AND(OR(D4="—",D4=""),OR(TEXT(INDEX(KhoiVTM!$J:$J,MATCH(B4,KhoiVTM!$C:$C,0)),"@")="",TEXT(INDEX(KhoiVTM!$J:$J,MATCH(B4,KhoiVTM!$C:$C,0)),"@")="—")),EXACT(TEXT(D4,"@"),TEXT(INDEX(KhoiVTM!$J:$J,MATCH(B4,KhoiVTM!$C:$C,0)),"@"))),FALSE())*1)+(IFERROR(OR(AND(OR(E4="—",E4=""),OR(TEXT(INDEX(KhoiVTM!$M:$M,MATCH(B4,KhoiVTM!$C:$C,0)),"@")="",TEXT(INDEX(KhoiVTM!$M:$M,MATCH(B4,KhoiVTM!$C:$C,0)),"@")="—")),EXACT(TEXT(E4,"@"),TEXT(INDEX(KhoiVTM!$M:$M,MATCH(B4,KhoiVTM!$C:$C,0)),"@"))),FALSE())*1)>=3,"Partial","Mismatch"))),"Not Found") -> Partial
A5: =KhoiVTM!A5 -> 4 | B5: =KhoiVTM!C5 -> AD8130ARMZ-REEL | C5: =KhoiVTM!D5 -> IC OPAMP DIFF 1 CIRCUIT 8MSOP | D5: — | E5: 8-TSSOP | F5: =KhoiVTM!F5 -> 6 | G5: 4 | H5: 0 | I5: =F5-H5 -> 6 | J5: =IF(LEFT(C5,3)="RES", "Resistor", IF(LEFT(C5,3)="CAP", "Capacitor", "Other")) -> Other | K5: Ordering | N5: =IFERROR(IF(ISERROR(MATCH(B5,KhoiVTM!$C:$C,0)),"Not Found",IF((EXACT(C5,IFERROR(INDEX(KhoiVTM!$D:$D,MATCH(B5,KhoiVTM!$C:$C,0)),"__NA__"))*1)+(IFERROR(F5=INDEX(KhoiVTM!$F:$F,MATCH(B5,KhoiVTM!$C:$C,0)),FALSE())*1)+(IFERROR(OR(AND(OR(D5="—",D5=""),OR(TEXT(INDEX(KhoiVTM!$J:$J,MATCH(B5,KhoiVTM!$C:$C,0)),"@")="",TEXT(INDEX(KhoiVTM!$J:$J,MATCH(B5,KhoiVTM!$C:$C,0)),"@")="—")),EXACT(TEXT(D5,"@"),TEXT(INDEX(KhoiVTM!$J:$J,MATCH(B5,KhoiVTM!$C:$C,0)),"@"))),FALSE())*1)+(IFERROR(OR(AND(OR(E5="—",E5=""),OR(TEXT(INDEX(KhoiVTM!$M:$M,MATCH(B5,KhoiVTM!$C:$C,0)),"@")="",TEXT(INDEX(KhoiVTM!$M:$M,MATCH(B5,KhoiVTM!$C:$C,0)),"@")="—")),EXACT(TEXT(E5,"@"),TEXT(INDEX(KhoiVTM!$M:$M,MATCH(B5,KhoiVTM!$C:$C,0)),"@"))),FALSE())*1)=4,"Match",IF((EXACT(C5,IFERROR(INDEX(KhoiVTM!$D:$D,MATCH(B5,KhoiVTM!$C:$C,0)),"__NA__"))*1)+(IFERROR(F5=INDEX(KhoiVTM!$F:$F,MATCH(B5,KhoiVTM!$C:$C,0)),FALSE())*1)+(IFERROR(OR(AND(OR(D5="—",D5=""),OR(TEXT(INDEX(KhoiVTM!$J:$J,MATCH(B5,KhoiVTM!$C:$C,0)),"@")="",TEXT(INDEX(KhoiVTM!$J:$J,MATCH(B5,KhoiVTM!$C:$C,0)),"@")="—")),EXACT(TEXT(D5,"@"),TEXT(INDEX(KhoiVTM!$J:$J,MATCH(B5,KhoiVTM!$C:$C,0)),"@"))),FALSE())*1)+(IFERROR(OR(AND(OR(E5="—",E5=""),OR(TEXT(INDEX(KhoiVTM!$M:$M,MATCH(B5,KhoiVTM!$C:$C,0)),"@")="",TEXT(INDEX(KhoiVTM!$M:$M,MATCH(B5,KhoiVTM!$C:$C,0)),"@")="—")),EXACT(TEXT(E5,"@"),TEXT(INDEX(KhoiVTM!$M:$M,MATCH(B5,KhoiVTM!$C:$C,0)),"@"))),FALSE())*1)>=3,"Partial","Mismatch"))),"Not Found") -> Partial
A6: =KhoiVTM!A6 -> 5 | B6: =KhoiVTM!C6 -> TNPW06036K80BEEA | C6: =KhoiVTM!D6 -> RES 6.8K OHM 0.1% 0.21W 0603 | D6: 6.8K | E6: =RIGHT(TRIM(C6), 4) -> 0603 | F6: =KhoiVTM!F6 -> 25 | G6: =Kicad_Extract!D35 -> 1 | H6: 0 | I6: =F6-H6 -> 25 | J6: =IF(LEFT(C6,3)="RES", "Resistor", IF(LEFT(C6,3)="CAP", "Capacitor", "Other")) -> Resistor | K6: Done | N6: =IFERROR(IF(ISERROR(MATCH(B6,KhoiVTM!$C:$C,0)),"Not Found",IF((EXACT(C6,IFERROR(INDEX(KhoiVTM!$D:$D,MATCH(B6,KhoiVTM!$C:$C,0)),"__NA__"))*1)+(IFERROR(F6=INDEX(KhoiVTM!$F:$F,MATCH(B6,KhoiVTM!$C:$C,0)),FALSE())*1)+(IFERROR(OR(AND(OR(D6="—",D6=""),OR(TEXT(INDEX(KhoiVTM!$J:$J,MATCH(B6,KhoiVTM!$C:$C,0)),"@")="",TEXT(INDEX(KhoiVTM!$J:$J,MATCH(B6,KhoiVTM!$C:$C,0)),"@")="—")),EXACT(TEXT(D6,"@"),TEXT(INDEX(KhoiVTM!$J:$J,MATCH(B6,KhoiVTM!$C:$C,0)),"@"))),FALSE())*1)+(IFERROR(OR(AND(OR(E6="—",E6=""),OR(TEXT(INDEX(KhoiVTM!$M:$M,MATCH(B6,KhoiVTM!$C:$C,0)),"@")="",TEXT(INDEX(KhoiVTM!$M:$M,MATCH(B6,KhoiVTM!$C:$C,0)),"@")="—")),EXACT(TEXT(E6,"@"),TEXT(INDEX(KhoiVTM!$M:$M,MATCH(B6,KhoiVTM!$C:$C,0)),"@"))),FALSE())*1)=4,"Match",IF((EXACT(C6,IFERROR(INDEX(KhoiVTM!$D:$D,MATCH(B6,KhoiVTM!$C:$C,0)),"__NA__"))*1)+(IFERROR(F6=INDEX(KhoiVTM!$F:$F,MATCH(B6,KhoiVTM!$C:$C,0)),FALSE())*1)+(IFERROR(OR(AND(OR(D6="—",D6=""),OR(TEXT(INDEX(KhoiVTM!$J:$J,MATCH(B6,KhoiVTM!$C:$C,0)),"@")="",TEXT(INDEX(KhoiVTM!$J:$J,MATCH(B6,KhoiVTM!$C:$C,0)),"@")="—")),EXACT(TEXT(D6,"@"),TEXT(INDEX(KhoiVTM!$J:$J,MATCH(B6,KhoiVTM!$C:$C,0)),"@"))),FALSE())*1)+(IFERROR(OR(AND(OR(E6="—",E6=""),OR(TEXT(INDEX(KhoiVTM!$M:$M,MATCH(B6,KhoiVTM!$C:$C,0)),"@")="",TEXT(INDEX(KhoiVTM!$M:$M,MATCH(B6,KhoiVTM!$C:$C,0)),"@")="—")),EXACT(TEXT(E6,"@"),TEXT(INDEX(KhoiVTM!$M:$M,MATCH(B6,KhoiVTM!$C:$C,0)),"@"))),FALSE())*1)>=3,"Partial","Mismatch"))),"Not Found") -> Match
A7: =KhoiVTM!A7 -> 6 | B7: =KhoiVTM!C7 -> TNPW0603200RBEEA | C7: =KhoiVTM!D7 -> RES 200 OHM 0.1% 0.21W 0603 | D7: 200 | E7: =RIGHT(TRIM(C7), 4) -> 0603 | F7: =KhoiVTM!F7 -> 25 | G7: 2 | H7: 0 | I7: =F7-H7 -> 25 | J7: =IF(LEFT(C7,3)="RES", "Resistor", IF(LEFT(C7,3)="CAP", "Capacitor", "Other")) -> Resistor | K7: Done | N7: =IFERROR(IF(ISERROR(MATCH(B7,KhoiVTM!$C:$C,0)),"Not Found",IF((EXACT(C7,IFERROR(INDEX(KhoiVTM!$D:$D,MATCH(B7,KhoiVTM!$C:$C,0)),"__NA__"))*1)+(IFERROR(F7=INDEX(KhoiVTM!$F:$F,MATCH(B7,KhoiVTM!$C:$C,0)),FALSE())*1)+(IFERROR(OR(AND(OR(D7="—",D7=""),OR(TEXT(INDEX(KhoiVTM!$J:$J,MATCH(B7,KhoiVTM!$C:$C,0)),"@")="",TEXT(INDEX(KhoiVTM!$J:$J,MATCH(B7,KhoiVTM!$C:$C,0)),"@")="—")),EXACT(TEXT(D7,"@"),TEXT(INDEX(KhoiVTM!$J:$J,MATCH(B7,KhoiVTM!$C:$C,0)),"@"))),FALSE())*1)+(IFERROR(OR(AND(OR(E7="—",E7=""),OR(TEXT(INDEX(KhoiVTM!$M:$M,MATCH(B7,KhoiVTM!$C:$C,0)),"@")="",TEXT(INDEX(KhoiVTM!$M:$M,MATCH(B7,KhoiVTM!$C:$C,0)),"@")="—")),EXACT(TEXT(E7,"@"),TEXT(INDEX(KhoiVTM!$M:$M,MATCH(B7,KhoiVTM!$C:$C,0)),"@"))),FALSE())*1)=4,"Match",IF((EXACT(C7,IFERROR(INDEX(KhoiVTM!$D:$D,MATCH(B7,KhoiVTM!$C:$C,0)),"__NA__"))*1)+(IFERROR(F7=INDEX(KhoiVTM!$F:$F,MATCH(B7,KhoiVTM!$C:$C,0)),FALSE())*1)+(IFERROR(OR(AND(OR(D7="—",D7=""),OR(TEXT(INDEX(KhoiVTM!$J:$J,MATCH(B7,KhoiVTM!$C:$C,0)),"@")="",TEXT(INDEX(KhoiVTM!$J:$J,MATCH(B7,KhoiVTM!$C:$C,0)),"@")="—")),EXACT(TEXT(D7,"@"),TEXT(INDEX(KhoiVTM!$J:$J,MATCH(B7,KhoiVTM!$C:$C,0)),"@"))),FALSE())*1)+(IFERROR(OR(AND(OR(E7="—",E7=""),OR(TEXT(INDEX(KhoiVTM!$M:$M,MATCH(B7,KhoiVTM!$C:$C,0)),"@")="",TEXT(INDEX(KhoiVTM!$M:$M,MATCH(B7,KhoiVTM!$C:$C,0)),"@")="—")),EXACT(TEXT(E7,"@"),TEXT(INDEX(KhoiVTM!$M:$M,MATCH(B7,KhoiVTM!$C:$C,0)),"@"))),FALSE())*1)>=3,"Partial","Mismatch"))),"Not Found") -> Match
A8: =KhoiVTM!A8 -> 7 | B8: =KhoiVTM!C8 -> TNPW0603280RBEEA | C8: =KhoiVTM!D8 -> RES 280 OHM 0.1% 0.21W 0603 | D8: 280 | E8: =RIGHT(TRIM(C8), 4) -> 0603 | F8: =KhoiVTM!F8 -> 25 | G8: 0 | H8: 0 | I8: =F8-H8 -> 25 | J8: =IF(LEFT(C8,3)="RES", "Resistor", IF(LEFT(C8,3)="CAP", "Capacitor", "Other")) -> Resistor | K8: Done | N8: =IFERROR(IF(ISERROR(MATCH(B8,KhoiVTM!$C:$C,0)),"Not Found",IF((EXACT(C8,IFERROR(INDEX(KhoiVTM!$D:$D,MATCH(B8,KhoiVTM!$C:$C,0)),"__NA__"))*1)+(IFERROR(F8=INDEX(KhoiVTM!$F:$F,MATCH(B8,KhoiVTM!$C:$C,0)),FALSE())*1)+(IFERROR(OR(AND(OR(D8="—",D8=""),OR(TEXT(INDEX(KhoiVTM!$J:$J,MATCH(B8,KhoiVTM!$C:$C,0)),"@")="",TEXT(INDEX(KhoiVTM!$J:$J,MATCH(B8,KhoiVTM!$C:$C,0)),"@")="—")),EXACT(TEXT(D8,"@"),TEXT(INDEX(KhoiVTM!$J:$J,MATCH(B8,KhoiVTM!$C:$C,0)),"@"))),FALSE())*1)+(IFERROR(OR(AND(OR(E8="—",E8=""),OR(TEXT(INDEX(KhoiVTM!$M:$M,MATCH(B8,KhoiVTM!$C:$C,0)),"@")="",TEXT(INDEX(KhoiVTM!$M:$M,MATCH(B8,KhoiVTM!$C:$C,0)),"@")="—")),EXACT(TEXT(E8,"@"),TEXT(INDEX(KhoiVTM!$M:$M,MATCH(B8,KhoiVTM!$C:$C,0)),"@"))),FALSE())*1)=4,"Match",IF((EXACT(C8,IFERROR(INDEX(KhoiVTM!$D:$D,MATCH(B8,KhoiVTM!$C:$C,0)),"__NA__"))*1)+(IFERROR(F8=INDEX(KhoiVTM!$F:$F,MATCH(B8,KhoiVTM!$C:$C,0)),FALSE())*1)+(IFERROR(OR(AND(OR(D8="—",D8=""),OR(TEXT(INDEX(KhoiVTM!$J:$J,MATCH(B8,KhoiVTM!$C:$C,0)),"@")="",TEXT(INDEX(KhoiVTM!$J:$J,MATCH(B8,KhoiVTM!$C:$C,0)),"@")="—")),EXACT(TEXT(D8,"@"),TEXT(INDEX(KhoiVTM!$J:$J,MATCH(B8,KhoiVTM!$C:$C,0)),"@"))),FALSE())*1)+(IFERROR(OR(AND(OR(E8="—",E8=""),OR(TEXT(INDEX(KhoiVTM!$M:$M,MATCH(B8,KhoiVTM!$C:$C,0)),"@")="",TEXT(INDEX(KhoiVTM!$M:$M,MATCH(B8,KhoiVTM!$C:$C,0)),"@")="—")),EXACT(TEXT(E8,"@"),TEXT(INDEX(KhoiVTM!$M:$M,MATCH(B8,KhoiVTM!$C:$C,0)),"@"))),FALSE())*1)>=3,"Partial","Mismatch"))),"Not Found") -> Match
A9: =KhoiVTM!A9 -> 8 | B9: =KhoiVTM!C9 -> TNP1.00KAATR-ND | C9: =KhoiVTM!D9 -> RES 1K OHM 0.1% 0.21W 0603 | D9: 1K | E9: =RIGHT(TRIM(C9), 4) -> 0603 | F9: =KhoiVTM!F9 -> 25 | G9: 2 | H9: 0 | I9: =F9-H9 -> 25 | J9: =IF(LEFT(C9,3)="RES", "Resistor", IF(LEFT(C9,3)="CAP", "Capacitor", "Other")) -> Resistor | K9: Done | N9: =IFERROR(IF(ISERROR(MATCH(B9,KhoiVTM!$C:$C,0)),"Not Found",IF((EXACT(C9,IFERROR(INDEX(KhoiVTM!$D:$D,MATCH(B9,KhoiVTM!$C:$C,0)),"__NA__"))*1)+(IFERROR(F9=INDEX(KhoiVTM!$F:$F,MATCH(B9,KhoiVTM!$C:$C,0)),FALSE())*1)+(IFERROR(OR(AND(OR(D9="—",D9=""),OR(TEXT(INDEX(KhoiVTM!$J:$J,MATCH(B9,KhoiVTM!$C:$C,0)),"@")="",TEXT(INDEX(KhoiVTM!$J:$J,MATCH(B9,KhoiVTM!$C:$C,0)),"@")="—")),EXACT(TEXT(D9,"@"),TEXT(INDEX(KhoiVTM!$J:$J,MATCH(B9,KhoiVTM!$C:$C,0)),"@"))),FALSE())*1)+(IFERROR(OR(AND(OR(E9="—",E9=""),OR(TEXT(INDEX(KhoiVTM!$M:$M,MATCH(B9,KhoiVTM!$C:$C,0)),"@")="",TEXT(INDEX(KhoiVTM!$M:$M,MATCH(B9,KhoiVTM!$C:$C,0)),"@")="—")),EXACT(TEXT(E9,"@"),TEXT(INDEX(KhoiVTM!$M:$M,MATCH(B9,KhoiVTM!$C:$C,0)),"@"))),FALSE())*1)=4,"Match",IF((EXACT(C9,IFERROR(INDEX(KhoiVTM!$D:$D,MATCH(B9,KhoiVTM!$C:$C,0)),"__NA__"))*1)+(IFERROR(F9=INDEX(KhoiVTM!$F:$F,MATCH(B9,KhoiVTM!$C:$C,0)),FALSE())*1)+(IFERROR(OR(AND(OR(D9="—",D9=""),OR(TEXT(INDEX(KhoiVTM!$J:$J,MATCH(B9,KhoiVTM!$C:$C,0)),"@")="",TEXT(INDEX(KhoiVTM!$J:$J,MATCH(B9,KhoiVTM!$C:$C,0)),"@")="—")),EXACT(TEXT(D9,"@"),TEXT(INDEX(KhoiVTM!$J:$J,MATCH(B9,KhoiVTM!$C:$C,0)),"@"))),FALSE())*1)+(IFERROR(OR(AND(OR(E9="—",E9=""),OR(TEXT(INDEX(KhoiVTM!$M:$M,MATCH(B9,KhoiVTM!$C:$C,0)),"@")="",TEXT(INDEX(KhoiVTM!$M:$M,MATCH(B9,KhoiVTM!$C:$C,0)),"@")="—")),EXACT(TEXT(E9,"@"),TEXT(INDEX(KhoiVTM!$M:$M,MATCH(B9,KhoiVTM!$C:$C,0)),"@"))),FALSE())*1)>=3,"Partial","Mismatch"))),"Not Found") -> Match
A10: =KhoiVTM!A10 -> 9 | B10: =KhoiVTM!C10 -> RC0603FR-0722RL | C10: =KhoiVTM!D10 -> RES 22 OHM 1% 1/10W 0603 | D10: 22 | E10: =RIGHT(TRIM(C10), 4) -> 0603 | F10: =KhoiVTM!F10 -> 25 | G10: 3 | H10: 0 | I10: =F10-H10 -> 25 | J10: =IF(LEFT(C10,3)="RES", "Resistor", IF(LEFT(C10,3)="CAP", "Capacitor", "Other")) -> Resistor | K10: Done | N10: =IFERROR(IF(ISERROR(MATCH(B10,KhoiVTM!$C:$C,0)),"Not Found",IF((EXACT(C10,IFERROR(INDEX(KhoiVTM!$D:$D,MATCH(B10,KhoiVTM!$C:$C,0)),"__NA__"))*1)+(IFERROR(F10=INDEX(KhoiVTM!$F:$F,MATCH(B10,KhoiVTM!$C:$C,0)),FALSE())*1)+(IFERROR(OR(AND(OR(D10="—",D10=""),OR(TEXT(INDEX(KhoiVTM!$J:$J,MATCH(B10,KhoiVTM!$C:$C,0)),"@")="",TEXT(INDEX(KhoiVTM!$J:$J,MATCH(B10,KhoiVTM!$C:$C,0)),"@")="—")),EXACT(TEXT(D10,"@"),TEXT(INDEX(KhoiVTM!$J:$J,MATCH(B10,KhoiVTM!$C:$C,0)),"@"))),FALSE())*1)+(IFERROR(OR(AND(OR(E10="—",E10=""),OR(TEXT(INDEX(KhoiVTM!$M:$M,MATCH(B10,KhoiVTM!$C:$C,0)),"@")="",TEXT(INDEX(KhoiVTM!$M:$M,MATCH(B10,KhoiVTM!$C:$C,0)),"@")="—")),EXACT(TEXT(E10,"@"),TEXT(INDEX(KhoiVTM!$M:$M,MATCH(B10,KhoiVTM!$C:$C,0)),"@"))),FALSE())*1)=4,"Match",IF((EXACT(C10,IFERROR(INDEX(KhoiVTM!$D:$D,MATCH(B10,KhoiVTM!$C:$C,0)),"__NA__"))*1)+(IFERROR(F10=INDEX(KhoiVTM!$F:$F,MATCH(B10,KhoiVTM!$C:$C,0)),FALSE())*1)+(IFERROR(OR(AND(OR(D10="—",D10=""),OR(TEXT(INDEX(KhoiVTM!$J:$J,MATCH(B10,KhoiVTM!$C:$C,0)),"@")="",TEXT(INDEX(KhoiVTM!$J:$J,MATCH(B10,KhoiVTM!$C:$C,0)),"@")="—")),EXACT(TEXT(D10,"@"),TEXT(INDEX(KhoiVTM!$J:$J,MATCH(B10,KhoiVTM!$C:$C,0)),"@"))),FALSE())*1)+(IFERROR(OR(AND(OR(E10="—",E10=""),OR(TEXT(INDEX(KhoiVTM!$M:$M,MATCH(B10,KhoiVTM!$C:$C,0)),"@")="",TEXT(INDEX(KhoiVTM!$M:$M,MATCH(B10,KhoiVTM!$C:$C,0)),"@")="—")),EXACT(TEXT(E10,"@"),TEXT(INDEX(KhoiVTM!$M:$M,MATCH(B10,KhoiVTM!$C:$C,0)),"@"))),FALSE())*1)>=3,"Partial","Mismatch"))),"Not Found") -> Match
A11: =KhoiVTM!A11 -> 10 | B11: =KhoiVTM!C11 -> RC0603JR-070RL | C11: =KhoiVTM!D11 -> RES 0 OHM JUMPER 1/10W 0603 | D11: 0 | E11: =RIGHT(TRIM(C11), 4) -> 0603 | F11: =KhoiVTM!F11 -> 25 | G11: 6 | H11: 0 | I11: =F11-H11 -> 25 | J11: =IF(LEFT(C11,3)="RES", "Resistor", IF(LEFT(C11,3)="CAP", "Capacitor", "Other")) -> Resistor | K11: Done | N11: =IFERROR(IF(ISERROR(MATCH(B11,KhoiVTM!$C:$C,0)),"Not Found",IF((EXACT(C11,IFERROR(INDEX(KhoiVTM!$D:$D,MATCH(B11,KhoiVTM!$C:$C,0)),"__NA__"))*1)+(IFERROR(F11=INDEX(KhoiVTM!$F:$F,MATCH(B11,KhoiVTM!$C:$C,0)),FALSE())*1)+(IFERROR(OR(AND(OR(D11="—",D11=""),OR(TEXT(INDEX(KhoiVTM!$J:$J,MATCH(B11,KhoiVTM!$C:$C,0)),"@")="",TEXT(INDEX(KhoiVTM!$J:$J,MATCH(B11,KhoiVTM!$C:$C,0)),"@")="—")),EXACT(TEXT(D11,"@"),TEXT(INDEX(KhoiVTM!$J:$J,MATCH(B11,KhoiVTM!$C:$C,0)),"@"))),FALSE())*1)+(IFERROR(OR(AND(OR(E11="—",E11=""),OR(TEXT(INDEX(KhoiVTM!$M:$M,MATCH(B11,KhoiVTM!$C:$C,0)),"@")="",TEXT(INDEX(KhoiVTM!$M:$M,MATCH(B11,KhoiVTM!$C:$C,0)),"@")="—")),EXACT(TEXT(E11,"@"),TEXT(INDEX(KhoiVTM!$M:$M,MATCH(B11,KhoiVTM!$C:$C,0)),"@"))),FALSE())*1)=4,"Match",IF((EXACT(C11,IFERROR(INDEX(KhoiVTM!$D:$D,MATCH(B11,KhoiVTM!$C:$C,0)),"__NA__"))*1)+(IFERROR(F11=INDEX(KhoiVTM!$F:$F,MATCH(B11,KhoiVTM!$C:$C,0)),FALSE())*1)+(IFERROR(OR(AND(OR(D11="—",D11=""),OR(TEXT(INDEX(KhoiVTM!$J:$J,MATCH(B11,KhoiVTM!$C:$C,0)),"@")="",TEXT(INDEX(KhoiVTM!$J:$J,MATCH(B11,KhoiVTM!$C:$C,0)),"@")="—")),EXACT(TEXT(D11,"@"),TEXT(INDEX(KhoiVTM!$J:$J,MATCH(B11,KhoiVTM!$C:$C,0)),"@"))),FALSE())*1)+(IFERROR(OR(AND(OR(E11="—",E11=""),OR(TEXT(INDEX(KhoiVTM!$M:$M,MATCH(B11,KhoiVTM!$C:$C,0)),"@")="",TEXT(INDEX(KhoiVTM!$M:$M,MATCH(B11,KhoiVTM!$C:$C,0)),"@")="—")),EXACT(TEXT(E11,"@"),TEXT(INDEX(KhoiVTM!$M:$M,MATCH(B11,KhoiVTM!$C:$C,0)),"@"))),FALSE())*1)>=3,"Partial","Mismatch"))),"Not Found") -> Match
A12: =KhoiVTM!A12 -> 11 | B12: =KhoiVTM!C12 -> TNPW0603499RBEEA | C12: =KhoiVTM!D12 -> RES 499 OHM 0.1% 0.21W 0603 | D12: 499 | E12: =RIGHT(TRIM(C12), 4) -> 0603 | F12: =KhoiVTM!F12 -> 25 | G12: 6 | H12: 0 | I12: =F12-H12 -> 25 | J12: =IF(LEFT(C12,3)="RES", "Resistor", IF(LEFT(C12,3)="CAP", "Capacitor", "Other")) -> Resistor | K12: Done | N12: =IFERROR(IF(ISERROR(MATCH(B12,KhoiVTM!$C:$C,0)),"Not Found",IF((EXACT(C12,IFERROR(INDEX(KhoiVTM!$D:$D,MATCH(B12,KhoiVTM!$C:$C,0)),"__NA__"))*1)+(IFERROR(F12=INDEX(KhoiVTM!$F:$F,MATCH(B12,KhoiVTM!$C:$C,0)),FALSE())*1)+(IFERROR(OR(AND(OR(D12="—",D12=""),OR(TEXT(INDEX(KhoiVTM!$J:$J,MATCH(B12,KhoiVTM!$C:$C,0)),"@")="",TEXT(INDEX(KhoiVTM!$J:$J,MATCH(B12,KhoiVTM!$C:$C,0)),"@")="—")),EXACT(TEXT(D12,"@"),TEXT(INDEX(KhoiVTM!$J:$J,MATCH(B12,KhoiVTM!$C:$C,0)),"@"))),FALSE())*1)+(IFERROR(OR(AND(OR(E12="—",E12=""),OR(TEXT(INDEX(KhoiVTM!$M:$M,MATCH(B12,KhoiVTM!$C:$C,0)),"@")="",TEXT(INDEX(KhoiVTM!$M:$M,MATCH(B12,KhoiVTM!$C:$C,0)),"@")="—")),EXACT(TEXT(E12,"@"),TEXT(INDEX(KhoiVTM!$M:$M,MATCH(B12,KhoiVTM!$C:$C,0)),"@"))),FALSE())*1)=4,"Match",IF((EXACT(C12,IFERROR(INDEX(KhoiVTM!$D:$D,MATCH(B12,KhoiVTM!$C:$C,0)),"__NA__"))*1)+(IFERROR(F12=INDEX(KhoiVTM!$F:$F,MATCH(B12,KhoiVTM!$C:$C,0)),FALSE())*1)+(IFERROR(OR(AND(OR(D12="—",D12=""),OR(TEXT(INDEX(KhoiVTM!$J:$J,MATCH(B12,KhoiVTM!$C:$C,0)),"@")="",TEXT(INDEX(KhoiVTM!$J:$J,MATCH(B12,KhoiVTM!$C:$C,0)),"@")="—")),EXACT(TEXT(D12,"@"),TEXT(INDEX(KhoiVTM!$J:$J,MATCH(B12,KhoiVTM!$C:$C,0)),"@"))),FALSE())*1)+(IFERROR(OR(AND(OR(E12="—",E12=""),OR(TEXT(INDEX(KhoiVTM!$M:$M,MATCH(B12,KhoiVTM!$C:$C,0)),"@")="",TEXT(INDEX(KhoiVTM!$M:$M,MATCH(B12,KhoiVTM!$C:$C,0)),"@")="—")),EXACT(TEXT(E12,"@"),TEXT(INDEX(KhoiVTM!$M:$M,MATCH(B12,KhoiVTM!$C:$C,0)),"@"))),FALSE())*1)>=3,"Partial","Mismatch"))),"Not Found") -> Match
A13: =KhoiVTM!A13 -> 12 | B13: =KhoiVTM!C13 -> 541-TNPW06031K78BEEATR-ND | C13: =KhoiVTM!D13 -> RES 1.78K OHM 0.1% 0.21W 0603 | D13: 1.78K | E13: =RIGHT(TRIM(C13), 4) -> 0603 | F13: =KhoiVTM!F13 -> 25 | G13: 0 | H13: 0 | I13: =F13-H13 -> 25 | J13: =IF(LEFT(C13,3)="RES", "Resistor", IF(LEFT(C13,3)="CAP", "Capacitor", "Other")) -> Resistor | K13: Done | N13: =IFERROR(IF(ISERROR(MATCH(B13,KhoiVTM!$C:$C,0)),"Not Found",IF((EXACT(C13,IFERROR(INDEX(KhoiVTM!$D:$D,MATCH(B13,KhoiVTM!$C:$C,0)),"__NA__"))*1)+(IFERROR(F13=INDEX(KhoiVTM!$F:$F,MATCH(B13,KhoiVTM!$C:$C,0)),FALSE())*1)+(IFERROR(OR(AND(OR(D13="—",D13=""),OR(TEXT(INDEX(KhoiVTM!$J:$J,MATCH(B13,KhoiVTM!$C:$C,0)),"@")="",TEXT(INDEX(KhoiVTM!$J:$J,MATCH(B13,KhoiVTM!$C:$C,0)),"@")="—")),EXACT(TEXT(D13,"@"),TEXT(INDEX(KhoiVTM!$J:$J,MATCH(B13,KhoiVTM!$C:$C,0)),"@"))),FALSE())*1)+(IFERROR(OR(AND(OR(E13="—",E13=""),OR(TEXT(INDEX(KhoiVTM!$M:$M,MATCH(B13,KhoiVTM!$C:$C,0)),"@")="",TEXT(INDEX(KhoiVTM!$M:$M,MATCH(B13,KhoiVTM!$C:$C,0)),"@")="—")),EXACT(TEXT(E13,"@"),TEXT(INDEX(KhoiVTM!$M:$M,MATCH(B13,KhoiVTM!$C:$C,0)),"@"))),FALSE())*1)=4,"Match",IF((EXACT(C13,IFERROR(INDEX(KhoiVTM!$D:$D,MATCH(B13,KhoiVTM!$C:$C,0)),"__NA__"))*1)+(IFERROR(F13=INDEX(KhoiVTM!$F:$F,MATCH(B13,KhoiVTM!$C:$C,0)),FALSE())*1)+(IFERROR(OR(AND(OR(D13="—",D13=""),OR(TEXT(INDEX(KhoiVTM!$J:$J,MATCH(B13,KhoiVTM!$C:$C,0)),"@")="",TEXT(INDEX(KhoiVTM!$J:$J,MATCH(B13,KhoiVTM!$C:$C,0)),"@")="—")),EXACT(TEXT(D13,"@"),TEXT(INDEX(KhoiVTM!$J:$J,MATCH(B13,KhoiVTM!$C:$C,0)),"@"))),FALSE())*1)+(IFERROR(OR(AND(OR(E13="—",E13=""),OR(TEXT(INDEX(KhoiVTM!$M:$M,MATCH(B13,KhoiVTM!$C:$C,0)),"@")="",TEXT(INDEX(KhoiVTM!$M:$M,MATCH(B13,KhoiVTM!$C:$C,0)),"@")="—")),EXACT(TEXT(E13,"@"),TEXT(INDEX(KhoiVTM!$M:$M,MATCH(B13,KhoiVTM!$C:$C,0)),"@"))),FALSE())*1)>=3,"Partial","Mismatch"))),"Not Found") -> Match
A14: =KhoiVTM!A14 -> 13 | B14: =KhoiVTM!C14 -> RC0603FR-07510RL | C14: =KhoiVTM!D14 -> RES 510 OHM 1% 1/10W 0603 | D14: 510 | E14: =RIGHT(TRIM(C14), 4) -> 0603 | F14: =KhoiVTM!F14 -> 25 | G14: 0 | H14: 0 | I14: =F14-H14 -> 25 | J14: =IF(LEFT(C14,3)="RES", "Resistor", IF(LEFT(C14,3)="CAP", "Capacitor", "Other")) -> Resistor | K14: Done | N14: =IFERROR(IF(ISERROR(MATCH(B14,KhoiVTM!$C:$C,0)),"Not Found",IF((EXACT(C14,IFERROR(INDEX(KhoiVTM!$D:$D,MATCH(B14,KhoiVTM!$C:$C,0)),"__NA__"))*1)+(IFERROR(F14=INDEX(KhoiVTM!$F:$F,MATCH(B14,KhoiVTM!$C:$C,0)),FALSE())*1)+(IFERROR(OR(AND(OR(D14="—",D14=""),OR(TEXT(INDEX(KhoiVTM!$J:$J,MATCH(B14,KhoiVTM!$C:$C,0)),"@")="",TEXT(INDEX(KhoiVTM!$J:$J,MATCH(B14,KhoiVTM!$C:$C,0)),"@")="—")),EXACT(TEXT(D14,"@"),TEXT(INDEX(KhoiVTM!$J:$J,MATCH(B14,KhoiVTM!$C:$C,0)),"@"))),FALSE())*1)+(IFERROR(OR(AND(OR(E14="—",E14=""),OR(TEXT(INDEX(KhoiVTM!$M:$M,MATCH(B14,KhoiVTM!$C:$C,0)),"@")="",TEXT(INDEX(KhoiVTM!$M:$M,MATCH(B14,KhoiVTM!$C:$C,0)),"@")="—")),EXACT(TEXT(E14,"@"),TEXT(INDEX(KhoiVTM!$M:$M,MATCH(B14,KhoiVTM!$C:$C,0)),"@"))),FALSE())*1)=4,"Match",IF((EXACT(C14,IFERROR(INDEX(KhoiVTM!$D:$D,MATCH(B14,KhoiVTM!$C:$C,0)),"__NA__"))*1)+(IFERROR(F14=INDEX(KhoiVTM!$F:$F,MATCH(B14,KhoiVTM!$C:$C,0)),FALSE())*1)+(IFERROR(OR(AND(OR(D14="—",D14=""),OR(TEXT(INDEX(KhoiVTM!$J:$J,MATCH(B14,KhoiVTM!$C:$C,0)),"@")="",TEXT(INDEX(KhoiVTM!$J:$J,MATCH(B14,KhoiVTM!$C:$C,0)),"@")="—")),EXACT(TEXT(D14,"@"),TEXT(INDEX(KhoiVTM!$J:$J,MATCH(B14,KhoiVTM!$C:$C,0)),"@"))),FALSE())*1)+(IFERROR(OR(AND(OR(E14="—",E14=""),OR(TEXT(INDEX(KhoiVTM!$M:$M,MATCH(B14,KhoiVTM!$C:$C,0)),"@")="",TEXT(INDEX(KhoiVTM!$M:$M,MATCH(B14,KhoiVTM!$C:$C,0)),"@")="—")),EXACT(TEXT(E14,"@"),TEXT(INDEX(KhoiVTM!$M:$M,MATCH(B14,KhoiVTM!$C:$C,0)),"@"))),FALSE())*1)>=3,"Partial","Mismatch"))),"Not Found") -> Match
A15: =KhoiVTM!A15 -> 14 | B15: =KhoiVTM!C15 -> RC0603FR-072K67L | C15: =KhoiVTM!D15 -> RES 2.67K OHM 1% 0.1W, 1/10W 0603 | D15: 2.67K | E15: =RIGHT(TRIM(C15), 4) -> 0603 | F15: =KhoiVTM!F15 -> 25 | G15: 0 | H15: 0 | I15: =F15-H15 -> 25 | J15: =IF(LEFT(C15,3)="RES", "Resistor", IF(LEFT(C15,3)="CAP", "Capacitor", "Other")) -> Resistor | K15: Done | N15: =IFERROR(IF(ISERROR(MATCH(B15,KhoiVTM!$C:$C,0)),"Not Found",IF((EXACT(C15,IFERROR(INDEX(KhoiVTM!$D:$D,MATCH(B15,KhoiVTM!$C:$C,0)),"__NA__"))*1)+(IFERROR(F15=INDEX(KhoiVTM!$F:$F,MATCH(B15,KhoiVTM!$C:$C,0)),FALSE())*1)+(IFERROR(OR(AND(OR(D15="—",D15=""),OR(TEXT(INDEX(KhoiVTM!$J:$J,MATCH(B15,KhoiVTM!$C:$C,0)),"@")="",TEXT(INDEX(KhoiVTM!$J:$J,MATCH(B15,KhoiVTM!$C:$C,0)),"@")="—")),EXACT(TEXT(D15,"@"),TEXT(INDEX(KhoiVTM!$J:$J,MATCH(B15,KhoiVTM!$C:$C,0)),"@"))),FALSE())*1)+(IFERROR(OR(AND(OR(E15="—",E15=""),OR(TEXT(INDEX(KhoiVTM!$M:$M,MATCH(B15,KhoiVTM!$C:$C,0)),"@")="",TEXT(INDEX(KhoiVTM!$M:$M,MATCH(B15,KhoiVTM!$C:$C,0)),"@")="—")),EXACT(TEXT(E15,"@"),TEXT(INDEX(KhoiVTM!$M:$M,MATCH(B15,KhoiVTM!$C:$C,0)),"@"))),FALSE())*1)=4,"Match",IF((EXACT(C15,IFERROR(INDEX(KhoiVTM!$D:$D,MATCH(B15,KhoiVTM!$C:$C,0)),"__NA__"))*1)+(IFERROR(F15=INDEX(KhoiVTM!$F:$F,MATCH(B15,KhoiVTM!$C:$C,0)),FALSE())*1)+(IFERROR(OR(AND(OR(D15="—",D15=""),OR(TEXT(INDEX(KhoiVTM!$J:$J,MATCH(B15,KhoiVTM!$C:$C,0)),"@")="",TEXT(INDEX(KhoiVTM!$J:$J,MATCH(B15,KhoiVTM!$C:$C,0)),"@")="—")),EXACT(TEXT(D15,"@"),TEXT(INDEX(KhoiVTM!$J:$J,MATCH(B15,KhoiVTM!$C:$C,0)),"@"))),FALSE())*1)+(IFERROR(OR(AND(OR(E15="—",E15=""),OR(TEXT(INDEX(KhoiVTM!$M:$M,MATCH(B15,KhoiVTM!$C:$C,0)),"@")="",TEXT(INDEX(KhoiVTM!$M:$M,MATCH(B15,KhoiVTM!$C:$C,0)),"@")="—")),EXACT(TEXT(E15,"@"),TEXT(INDEX(KhoiVTM!$M:$M,MATCH(B15,KhoiVTM!$C:$C,0)),"@"))),FALSE())*1)>=3,"Partial","Mismatch"))),"Not Found") -> Match
A16: =KhoiVTM!A16 -> 15 | B16: =KhoiVTM!C16 -> RC0603FR-0751RL | C16: =KhoiVTM!D16 -> RES 51 OHM 1% 1/10W 0603 | D16: 51 | E16: =RIGHT(TRIM(C16), 4) -> 0603 | F16: =KhoiVTM!F16 -> 25 | G16: 0 | H16: 0 | I16: =F16-H16 -> 25 | J16: =IF(LEFT(C16,3)="RES", "Resistor", IF(LEFT(C16,3)="CAP", "Capacitor", "Other")) -> Resistor | K16: Done | N16: =IFERROR(IF(ISERROR(MATCH(B16,KhoiVTM!$C:$C,0)),"Not Found",IF((EXACT(C16,IFERROR(INDEX(KhoiVTM!$D:$D,MATCH(B16,KhoiVTM!$C:$C,0)),"__NA__"))*1)+(IFERROR(F16=INDEX(KhoiVTM!$F:$F,MATCH(B16,KhoiVTM!$C:$C,0)),FALSE())*1)+(IFERROR(OR(AND(OR(D16="—",D16=""),OR(TEXT(INDEX(KhoiVTM!$J:$J,MATCH(B16,KhoiVTM!$C:$C,0)),"@")="",TEXT(INDEX(KhoiVTM!$J:$J,MATCH(B16,KhoiVTM!$C:$C,0)),"@")="—")),EXACT(TEXT(D16,"@"),TEXT(INDEX(KhoiVTM!$J:$J,MATCH(B16,KhoiVTM!$C:$C,0)),"@"))),FALSE())*1)+(IFERROR(OR(AND(OR(E16="—",E16=""),OR(TEXT(INDEX(KhoiVTM!$M:$M,MATCH(B16,KhoiVTM!$C:$C,0)),"@")="",TEXT(INDEX(KhoiVTM!$M:$M,MATCH(B16,KhoiVTM!$C:$C,0)),"@")="—")),EXACT(TEXT(E16,"@"),TEXT(INDEX(KhoiVTM!$M:$M,MATCH(B16,KhoiVTM!$C:$C,0)),"@"))),FALSE())*1)=4,"Match",IF((EXACT(C16,IFERROR(INDEX(KhoiVTM!$D:$D,MATCH(B16,KhoiVTM!$C:$C,0)),"__NA__"))*1)+(IFERROR(F16=INDEX(KhoiVTM!$F:$F,MATCH(B16,KhoiVTM!$C:$C,0)),FALSE())*1)+(IFERROR(OR(AND(OR(D16="—",D16=""),OR(TEXT(INDEX(KhoiVTM!$J:$J,MATCH(B16,KhoiVTM!$C:$C,0)),"@")="",TEXT(INDEX(KhoiVTM!$J:$J,MATCH(B16,KhoiVTM!$C:$C,0)),"@")="—")),EXACT(TEXT(D16,"@"),TEXT(INDEX(KhoiVTM!$J:$J,MATCH(B16,KhoiVTM!$C:$C,0)),"@"))),FALSE())*1)+(IFERROR(OR(AND(OR(E16="—",E16=""),OR(TEXT(INDEX(KhoiVTM!$M:$M,MATCH(B16,KhoiVTM!$C:$C,0)),"@")="",TEXT(INDEX(KhoiVTM!$M:$M,MATCH(B16,KhoiVTM!$C:$C,0)),"@")="—")),EXACT(TEXT(E16,"@"),TEXT(INDEX(KhoiVTM!$M:$M,MATCH(B16,KhoiVTM!$C:$C,0)),"@"))),FALSE())*1)>=3,"Partial","Mismatch"))),"Not Found") -> Match
A17: =KhoiVTM!A17 -> 16 | B17: =KhoiVTM!C17 -> RC0603FR-0710KL | C17: =KhoiVTM!D17 -> RES 10K OHM 1% 1/10W 0603 | D17: 10K | E17: =RIGHT(TRIM(C17), 4) -> 0603 | F17: =KhoiVTM!F17 -> 25 | G17: 8 | H17: 0 | I17: =F17-H17 -> 25 | J17: =IF(LEFT(C17,3)="RES", "Resistor", IF(LEFT(C17,3)="CAP", "Capacitor", "Other")) -> Resistor | K17: Done | N17: =IFERROR(IF(ISERROR(MATCH(B17,KhoiVTM!$C:$C,0)),"Not Found",IF((EXACT(C17,IFERROR(INDEX(KhoiVTM!$D:$D,MATCH(B17,KhoiVTM!$C:$C,0)),"__NA__"))*1)+(IFERROR(F17=INDEX(KhoiVTM!$F:$F,MATCH(B17,KhoiVTM!$C:$C,0)),FALSE())*1)+(IFERROR(OR(AND(OR(D17="—",D17=""),OR(TEXT(INDEX(KhoiVTM!$J:$J,MATCH(B17,KhoiVTM!$C:$C,0)),"@")="",TEXT(INDEX(KhoiVTM!$J:$J,MATCH(B17,KhoiVTM!$C:$C,0)),"@")="—")),EXACT(TEXT(D17,"@"),TEXT(INDEX(KhoiVTM!$J:$J,MATCH(B17,KhoiVTM!$C:$C,0)),"@"))),FALSE())*1)+(IFERROR(OR(AND(OR(E17="—",E17=""),OR(TEXT(INDEX(KhoiVTM!$M:$M,MATCH(B17,KhoiVTM!$C:$C,0)),"@")="",TEXT(INDEX(KhoiVTM!$M:$M,MATCH(B17,KhoiVTM!$C:$C,0)),"@")="—")),EXACT(TEXT(E17,"@"),TEXT(INDEX(KhoiVTM!$M:$M,MATCH(B17,KhoiVTM!$C:$C,0)),"@"))),FALSE())*1)=4,"Match",IF((EXACT(C17,IFERROR(INDEX(KhoiVTM!$D:$D,MATCH(B17,KhoiVTM!$C:$C,0)),"__NA__"))*1)+(IFERROR(F17=INDEX(KhoiVTM!$F:$F,MATCH(B17,KhoiVTM!$C:$C,0)),FALSE())*1)+(IFERROR(OR(AND(OR(D17="—",D17=""),OR(TEXT(INDEX(KhoiVTM!$J:$J,MATCH(B17,KhoiVTM!$C:$C,0)),"@")="",TEXT(INDEX(KhoiVTM!$J:$J,MATCH(B17,KhoiVTM!$C:$C,0)),"@")="—")),EXACT(TEXT(D17,"@"),TEXT(INDEX(KhoiVTM!$J:$J,MATCH(B17,KhoiVTM!$C:$C,0)),"@"))),FALSE())*1)+(IFERROR(OR(AND(OR(E17="—",E17=""),OR(TEXT(INDEX(KhoiVTM!$M:$M,MATCH(B17,KhoiVTM!$C:$C,0)),"@")="",TEXT(INDEX(KhoiVTM!$M:$M,MATCH(B17,KhoiVTM!$C:$C,0)),"@")="—")),EXACT(TEXT(E17,"@"),TEXT(INDEX(KhoiVTM!$M:$M,MATCH(B17,KhoiVTM!$C:$C,0)),"@"))),FALSE())*1)>=3,"Partial","Mismatch"))),"Not Found") -> Match
A18: =KhoiVTM!A18 -> 17 | B18: =KhoiVTM!C18 -> TNPW060310R0BEEA | C18: =KhoiVTM!D18 -> RES 10 OHM 0.1% 0.21W 0603 | D18: 10 | E18: =RIGHT(TRIM(C18), 4) -> 0603 | F18: =KhoiVTM!F18 -> 25 | G18: 0 | H18: 0 | I18: =F18-H18 -> 25 | J18: =IF(LEFT(C18,3)="RES", "Resistor", IF(LEFT(C18,3)="CAP", "Capacitor", "Other")) -> Resistor | K18: Done | N18: =IFERROR(IF(ISERROR(MATCH(B18,KhoiVTM!$C:$C,0)),"Not Found",IF((EXACT(C18,IFERROR(INDEX(KhoiVTM!$D:$D,MATCH(B18,KhoiVTM!$C:$C,0)),"__NA__"))*1)+(IFERROR(F18=INDEX(KhoiVTM!$F:$F,MATCH(B18,KhoiVTM!$C:$C,0)),FALSE())*1)+(IFERROR(OR(AND(OR(D18="—",D18=""),OR(TEXT(INDEX(KhoiVTM!$J:$J,MATCH(B18,KhoiVTM!$C:$C,0)),"@")="",TEXT(INDEX(KhoiVTM!$J:$J,MATCH(B18,KhoiVTM!$C:$C,0)),"@")="—")),EXACT(TEXT(D18,"@"),TEXT(INDEX(KhoiVTM!$J:$J,MATCH(B18,KhoiVTM!$C:$C,0)),"@"))),FALSE())*1)+(IFERROR(OR(AND(OR(E18="—",E18=""),OR(TEXT(INDEX(KhoiVTM!$M:$M,MATCH(B18,KhoiVTM!$C:$C,0)),"@")="",TEXT(INDEX(KhoiVTM!$M:$M,MATCH(B18,KhoiVTM!$C:$C,0)),"@")="—")),EXACT(TEXT(E18,"@"),TEXT(INDEX(KhoiVTM!$M:$M,MATCH(B18,KhoiVTM!$C:$C,0)),"@"))),FALSE())*1)=4,"Match",IF((EXACT(C18,IFERROR(INDEX(KhoiVTM!$D:$D,MATCH(B18,KhoiVTM!$C:$C,0)),"__NA__"))*1)+(IFERROR(F18=INDEX(KhoiVTM!$F:$F,MATCH(B18,KhoiVTM!$C:$C,0)),FALSE())*1)+(IFERROR(OR(AND(OR(D18="—",D18=""),OR(TEXT(INDEX(KhoiVTM!$J:$J,MATCH(B18,KhoiVTM!$C:$C,0)),"@")="",TEXT(INDEX(KhoiVTM!$J:$J,MATCH(B18,KhoiVTM!$C:$C,0)),"@")="—")),EXACT(TEXT(D18,"@"),TEXT(INDEX(KhoiVTM!$J:$J,MATCH(B18,KhoiVTM!$C:$C,0)),"@"))),FALSE())*1)+(IFERROR(OR(AND(OR(E18="—",E18=""),OR(TEXT(INDEX(KhoiVTM!$M:$M,MATCH(B18,KhoiVTM!$C:$C,0)),"@")="",TEXT(INDEX(KhoiVTM!$M:$M,MATCH(B18,KhoiVTM!$C:$C,0)),"@")="—")),EXACT(TEXT(E18,"@"),TEXT(INDEX(KhoiVTM!$M:$M,MATCH(B18,KhoiVTM!$C:$C,0)),"@"))),FALSE())*1)>=3,"Partial","Mismatch"))),"Not Found") -> Match
A19: =KhoiVTM!A19 -> 18 | B19: =KhoiVTM!C19 -> GRM1885C1H200JA01D | C19: =KhoiVTM!D19 -> CAP CER 20PF 50V C0G/NP0 0603 | D19: 20P | E19: =RIGHT(TRIM(C19), 4) -> 0603 | F19: =KhoiVTM!F19 -> 25 | G19: 2 | H19: 0 | I19: =F19-H19 -> 25 | J19: =IF(LEFT(C19,3)="RES", "Resistor", IF(LEFT(C19,3)="CAP", "Capacitor", "Other")) -> Capacitor | K19: Done | N19: =IFERROR(IF(ISERROR(MATCH(B19,KhoiVTM!$C:$C,0)),"Not Found",IF((EXACT(C19,IFERROR(INDEX(KhoiVTM!$D:$D,MATCH(B19,KhoiVTM!$C:$C,0)),"__NA__"))*1)+(IFERROR(F19=INDEX(KhoiVTM!$F:$F,MATCH(B19,KhoiVTM!$C:$C,0)),FALSE())*1)+(IFERROR(OR(AND(OR(D19="—",D19=""),OR(TEXT(INDEX(KhoiVTM!$J:$J,MATCH(B19,KhoiVTM!$C:$C,0)),"@")="",TEXT(INDEX(KhoiVTM!$J:$J,MATCH(B19,KhoiVTM!$C:$C,0)),"@")="—")),EXACT(TEXT(D19,"@"),TEXT(INDEX(KhoiVTM!$J:$J,MATCH(B19,KhoiVTM!$C:$C,0)),"@"))),FALSE())*1)+(IFERROR(OR(AND(OR(E19="—",E19=""),OR(TEXT(INDEX(KhoiVTM!$M:$M,MATCH(B19,KhoiVTM!$C:$C,0)),"@")="",TEXT(INDEX(KhoiVTM!$M:$M,MATCH(B19,KhoiVTM!$C:$C,0)),"@")="—")),EXACT(TEXT(E19,"@"),TEXT(INDEX(KhoiVTM!$M:$M,MATCH(B19,KhoiVTM!$C:$C,0)),"@"))),FALSE())*1)=4,"Match",IF((EXACT(C19,IFERROR(INDEX(KhoiVTM!$D:$D,MATCH(B19,KhoiVTM!$C:$C,0)),"__NA__"))*1)+(IFERROR(F19=INDEX(KhoiVTM!$F:$F,MATCH(B19,KhoiVTM!$C:$C,0)),FALSE())*1)+(IFERROR(OR(AND(OR(D19="—",D19=""),OR(TEXT(INDEX(KhoiVTM!$J:$J,MATCH(B19,KhoiVTM!$C:$C,0)),"@")="",TEXT(INDEX(KhoiVTM!$J:$J,MATCH(B19,KhoiVTM!$C:$C,0)),"@")="—")),EXACT(TEXT(D19,"@"),TEXT(INDEX(KhoiVTM!$J:$J,MATCH(B19,KhoiVTM!$C:$C,0)),"@"))),FALSE())*1)+(IFERROR(OR(AND(OR(E19="—",E19=""),OR(TEXT(INDEX(KhoiVTM!$M:$M,MATCH(B19,KhoiVTM!$C:$C,0)),"@")="",TEXT(INDEX(KhoiVTM!$M:$M,MATCH(B19,KhoiVTM!$C:$C,0)),"@")="—")),EXACT(TEXT(E19,"@"),TEXT(INDEX(KhoiVTM!$M:$M,MATCH(B19,KhoiVTM!$C:$C,0)),"@"))),FALSE())*1)>=3,"Partial","Mismatch"))),"Not Found") -> Match
A20: =KhoiVTM!A20 -> 19 | B20: =KhoiVTM!C20 -> GRM155R71H104KE14D | C20: =KhoiVTM!D20 -> CAP CER 0.1UF 50V X7R 0603 | D20: 0.1U | E20: =RIGHT(TRIM(C20), 4) -> 0603 | F20: =KhoiVTM!F20 -> 25 | G20: 27 | H20: 0 | I20: =F20-H20 -> 25 | J20: =IF(LEFT(C20,3)="RES", "Resistor", IF(LEFT(C20,3)="CAP", "Capacitor", "Other")) -> Capacitor | K20: Done | N20: =IFERROR(IF(ISERROR(MATCH(B20,KhoiVTM!$C:$C,0)),"Not Found",IF((EXACT(C20,IFERROR(INDEX(KhoiVTM!$D:$D,MATCH(B20,KhoiVTM!$C:$C,0)),"__NA__"))*1)+(IFERROR(F20=INDEX(KhoiVTM!$F:$F,MATCH(B20,KhoiVTM!$C:$C,0)),FALSE())*1)+(IFERROR(OR(AND(OR(D20="—",D20=""),OR(TEXT(INDEX(KhoiVTM!$J:$J,MATCH(B20,KhoiVTM!$C:$C,0)),"@")="",TEXT(INDEX(KhoiVTM!$J:$J,MATCH(B20,KhoiVTM!$C:$C,0)),"@")="—")),EXACT(TEXT(D20,"@"),TEXT(INDEX(KhoiVTM!$J:$J,MATCH(B20,KhoiVTM!$C:$C,0)),"@"))),FALSE())*1)+(IFERROR(OR(AND(OR(E20="—",E20=""),OR(TEXT(INDEX(KhoiVTM!$M:$M,MATCH(B20,KhoiVTM!$C:$C,0)),"@")="",TEXT(INDEX(KhoiVTM!$M:$M,MATCH(B20,KhoiVTM!$C:$C,0)),"@")="—")),EXACT(TEXT(E20,"@"),TEXT(INDEX(KhoiVTM!$M:$M,MATCH(B20,KhoiVTM!$C:$C,0)),"@"))),FALSE())*1)=4,"Match",IF((EXACT(C20,IFERROR(INDEX(KhoiVTM!$D:$D,MATCH(B20,KhoiVTM!$C:$C,0)),"__NA__"))*1)+(IFERROR(F20=INDEX(KhoiVTM!$F:$F,MATCH(B20,KhoiVTM!$C:$C,0)),FALSE())*1)+(IFERROR(OR(AND(OR(D20="—",D20=""),OR(TEXT(INDEX(KhoiVTM!$J:$J,MATCH(B20,KhoiVTM!$C:$C,0)),"@")="",TEXT(INDEX(KhoiVTM!$J:$J,MATCH(B20,KhoiVTM!$C:$C,0)),"@")="—")),EXACT(TEXT(D20,"@"),TEXT(INDEX(KhoiVTM!$J:$J,MATCH(B20,KhoiVTM!$C:$C,0)),"@"))),FALSE())*1)+(IFERROR(OR(AND(OR(E20="—",E20=""),OR(TEXT(INDEX(KhoiVTM!$M:$M,MATCH(B20,KhoiVTM!$C:$C,0)),"@")="",TEXT(INDEX(KhoiVTM!$M:$M,MATCH(B20,KhoiVTM!$C:$C,0)),"@")="—")),EXACT(TEXT(E20,"@"),TEXT(INDEX(KhoiVTM!$M:$M,MATCH(B20,KhoiVTM!$C:$C,0)),"@"))),FALSE())*1)>=3,"Partial","Mismatch"))),"Not Found") -> Match
A21: =KhoiVTM!A21 -> 20 | B21: =KhoiVTM!C21 -> C0603C105K3RACTU | C21: =KhoiVTM!D21 -> CAP CER 1UF 25V X7R 0603 | D21: 1U | E21: =RIGHT(TRIM(C21), 4) -> 0603 | F21: =KhoiVTM!F21 -> 25 | G21: 0 | H21: 0 | I21: =F21-H21 -> 25 | J21: =IF(LEFT(C21,3)="RES", "Resistor", IF(LEFT(C21,3)="CAP", "Capacitor", "Other")) -> Capacitor | K21: Done | N21: =IFERROR(IF(ISERROR(MATCH(B21,KhoiVTM!$C:$C,0)),"Not Found",IF((EXACT(C21,IFERROR(INDEX(KhoiVTM!$D:$D,MATCH(B21,KhoiVTM!$C:$C,0)),"__NA__"))*1)+(IFERROR(F21=INDEX(KhoiVTM!$F:$F,MATCH(B21,KhoiVTM!$C:$C,0)),FALSE())*1)+(IFERROR(OR(AND(OR(D21="—",D21=""),OR(TEXT(INDEX(KhoiVTM!$J:$J,MATCH(B21,KhoiVTM!$C:$C,0)),"@")="",TEXT(INDEX(KhoiVTM!$J:$J,MATCH(B21,KhoiVTM!$C:$C,0)),"@")="—")),EXACT(TEXT(D21,"@"),TEXT(INDEX(KhoiVTM!$J:$J,MATCH(B21,KhoiVTM!$C:$C,0)),"@"))),FALSE())*1)+(IFERROR(OR(AND(OR(E21="—",E21=""),OR(TEXT(INDEX(KhoiVTM!$M:$M,MATCH(B21,KhoiVTM!$C:$C,0)),"@")="",TEXT(INDEX(KhoiVTM!$M:$M,MATCH(B21,KhoiVTM!$C:$C,0)),"@")="—")),EXACT(TEXT(E21,"@"),TEXT(INDEX(KhoiVTM!$M:$M,MATCH(B21,KhoiVTM!$C:$C,0)),"@"))),FALSE())*1)=4,"Match",IF((EXACT(C21,IFERROR(INDEX(KhoiVTM!$D:$D,MATCH(B21,KhoiVTM!$C:$C,0)),"__NA__"))*1)+(IFERROR(F21=INDEX(KhoiVTM!$F:$F,MATCH(B21,KhoiVTM!$C:$C,0)),FALSE())*1)+(IFERROR(OR(AND(OR(D21="—",D21=""),OR(TEXT(INDEX(KhoiVTM!$J:$J,MATCH(B21,KhoiVTM!$C:$C,0)),"@")="",TEXT(INDEX(KhoiVTM!$J:$J,MATCH(B21,KhoiVTM!$C:$C,0)),"@")="—")),EXACT(TEXT(D21,"@"),TEXT(INDEX(KhoiVTM!$J:$J,MATCH(B21,KhoiVTM!$C:$C,0)),"@"))),FALSE())*1)+(IFERROR(OR(AND(OR(E21="—",E21=""),OR(TEXT(INDEX(KhoiVTM!$M:$M,MATCH(B21,KhoiVTM!$C:$C,0)),"@")="",TEXT(INDEX(KhoiVTM!$M:$M,MATCH(B21,KhoiVTM!$C:$C,0)),"@")="—")),EXACT(TEXT(E21,"@"),TEXT(INDEX(KhoiVTM!$M:$M,MATCH(B21,KhoiVTM!$C:$C,0)),"@"))),FALSE())*1)>=3,"Partial","Mismatch"))),"Not Found") -> Match
A22: =KhoiVTM!A22 -> 21 | B22: =KhoiVTM!C22 -> GRM1555C1H1R0WA01J | C22: =KhoiVTM!D22 -> CAP CER 1PF 50V C0G/NP0 0402 | D22: 1P | E22: =RIGHT(TRIM(C22), 4) -> 0402 | F22: =KhoiVTM!F22 -> 25 | G22: 0 | H22: 0 | I22: =F22-H22 -> 25 | J22: =IF(LEFT(C22,3)="RES", "Resistor", IF(LEFT(C22,3)="CAP", "Capacitor", "Other")) -> Capacitor | K22: Done | N22: =IFERROR(IF(ISERROR(MATCH(B22,KhoiVTM!$C:$C,0)),"Not Found",IF((EXACT(C22,IFERROR(INDEX(KhoiVTM!$D:$D,MATCH(B22,KhoiVTM!$C:$C,0)),"__NA__"))*1)+(IFERROR(F22=INDEX(KhoiVTM!$F:$F,MATCH(B22,KhoiVTM!$C:$C,0)),FALSE())*1)+(IFERROR(OR(AND(OR(D22="—",D22=""),OR(TEXT(INDEX(KhoiVTM!$J:$J,MATCH(B22,KhoiVTM!$C:$C,0)),"@")="",TEXT(INDEX(KhoiVTM!$J:$J,MATCH(B22,KhoiVTM!$C:$C,0)),"@")="—")),EXACT(TEXT(D22,"@"),TEXT(INDEX(KhoiVTM!$J:$J,MATCH(B22,KhoiVTM!$C:$C,0)),"@"))),FALSE())*1)+(IFERROR(OR(AND(OR(E22="—",E22=""),OR(TEXT(INDEX(KhoiVTM!$M:$M,MATCH(B22,KhoiVTM!$C:$C,0)),"@")="",TEXT(INDEX(KhoiVTM!$M:$M,MATCH(B22,KhoiVTM!$C:$C,0)),"@")="—")),EXACT(TEXT(E22,"@"),TEXT(INDEX(KhoiVTM!$M:$M,MATCH(B22,KhoiVTM!$C:$C,0)),"@"))),FALSE())*1)=4,"Match",IF((EXACT(C22,IFERROR(INDEX(KhoiVTM!$D:$D,MATCH(B22,KhoiVTM!$C:$C,0)),"__NA__"))*1)+(IFERROR(F22=INDEX(KhoiVTM!$F:$F,MATCH(B22,KhoiVTM!$C:$C,0)),FALSE())*1)+(IFERROR(OR(AND(OR(D22="—",D22=""),OR(TEXT(INDEX(KhoiVTM!$J:$J,MATCH(B22,KhoiVTM!$C:$C,0)),"@")="",TEXT(INDEX(KhoiVTM!$J:$J,MATCH(B22,KhoiVTM!$C:$C,0)),"@")="—")),EXACT(TEXT(D22,"@"),TEXT(INDEX(KhoiVTM!$J:$J,MATCH(B22,KhoiVTM!$C:$C,0)),"@"))),FALSE())*1)+(IFERROR(OR(AND(OR(E22="—",E22=""),OR(TEXT(INDEX(KhoiVTM!$M:$M,MATCH(B22,KhoiVTM!$C:$C,0)),"@")="",TEXT(INDEX(KhoiVTM!$M:$M,MATCH(B22,KhoiVTM!$C:$C,0)),"@")="—")),EXACT(TEXT(E22,"@"),TEXT(INDEX(KhoiVTM!$M:$M,MATCH(B22,KhoiVTM!$C:$C,0)),"@"))),FALSE())*1)>=3,"Partial","Mismatch"))),"Not Found") -> Match
A23: =KhoiVTM!A23 -> 22 | B23: =KhoiVTM!C23 -> CC0805KKX5R9BB225 | C23: =KhoiVTM!D23 -> CAP CER 2.2UF 50V X5R 0805 | D23: 2.2U | E23: =RIGHT(TRIM(C23), 4) -> 0805 | F23: =KhoiVTM!F23 -> 25 | G23: 0 | H23: 0 | I23: =F23-H23 -> 25 | J23: =IF(LEFT(C23,3)="RES", "Resistor", IF(LEFT(C23,3)="CAP", "Capacitor", "Other")) -> Capacitor | K23: Done | N23: =IFERROR(IF(ISERROR(MATCH(B23,KhoiVTM!$C:$C,0)),"Not Found",IF((EXACT(C23,IFERROR(INDEX(KhoiVTM!$D:$D,MATCH(B23,KhoiVTM!$C:$C,0)),"__NA__"))*1)+(IFERROR(F23=INDEX(KhoiVTM!$F:$F,MATCH(B23,KhoiVTM!$C:$C,0)),FALSE())*1)+(IFERROR(OR(AND(OR(D23="—",D23=""),OR(TEXT(INDEX(KhoiVTM!$J:$J,MATCH(B23,KhoiVTM!$C:$C,0)),"@")="",TEXT(INDEX(KhoiVTM!$J:$J,MATCH(B23,KhoiVTM!$C:$C,0)),"@")="—")),EXACT(TEXT(D23,"@"),TEXT(INDEX(KhoiVTM!$J:$J,MATCH(B23,KhoiVTM!$C:$C,0)),"@"))),FALSE())*1)+(IFERROR(OR(AND(OR(E23="—",E23=""),OR(TEXT(INDEX(KhoiVTM!$M:$M,MATCH(B23,KhoiVTM!$C:$C,0)),"@")="",TEXT(INDEX(KhoiVTM!$M:$M,MATCH(B23,KhoiVTM!$C:$C,0)),"@")="—")),EXACT(TEXT(E23,"@"),TEXT(INDEX(KhoiVTM!$M:$M,MATCH(B23,KhoiVTM!$C:$C,0)),"@"))),FALSE())*1)=4,"Match",IF((EXACT(C23,IFERROR(INDEX(KhoiVTM!$D:$D,MATCH(B23,KhoiVTM!$C:$C,0)),"__NA__"))*1)+(IFERROR(F23=INDEX(KhoiVTM!$F:$F,MATCH(B23,KhoiVTM!$C:$C,0)),FALSE())*1)+(IFERROR(OR(AND(OR(D23="—",D23=""),OR(TEXT(INDEX(KhoiVTM!$J:$J,MATCH(B23,KhoiVTM!$C:$C,0)),"@")="",TEXT(INDEX(KhoiVTM!$J:$J,MATCH(B23,KhoiVTM!$C:$C,0)),"@")="—")),EXACT(TEXT(D23,"@"),TEXT(INDEX(KhoiVTM!$J:$J,MATCH(B23,KhoiVTM!$C:$C,0)),"@"))),FALSE())*1)+(IFERROR(OR(AND(OR(E23="—",E23=""),OR(TEXT(INDEX(KhoiVTM!$M:$M,MATCH(B23,KhoiVTM!$C:$C,0)),"@")="",TEXT(INDEX(KhoiVTM!$M:$M,MATCH(B23,KhoiVTM!$C:$C,0)),"@")="—")),EXACT(TEXT(E23,"@"),TEXT(INDEX(KhoiVTM!$M:$M,MATCH(B23,KhoiVTM!$C:$C,0)),"@"))),FALSE())*1)>=3,"Partial","Mismatch"))),"Not Found") -> Match
A24: =KhoiVTM!A24 -> 23 | B24: =KhoiVTM!C24 -> GRM1885C1H181JA01J | C24: =KhoiVTM!D24 -> CAP CER 180PF 50V C0G/NP0 0603 | D24: 180P | E24: =RIGHT(TRIM(C24), 4) -> 0603 | F24: =KhoiVTM!F24 -> 25 | G24: 0 | H24: 0 | I24: =F24-H24 -> 25 | J24: =IF(LEFT(C24,3)="RES", "Resistor", IF(LEFT(C24,3)="CAP", "Capacitor", "Other")) -> Capacitor | K24: Done | N24: =IFERROR(IF(ISERROR(MATCH(B24,KhoiVTM!$C:$C,0)),"Not Found",IF((EXACT(C24,IFERROR(INDEX(KhoiVTM!$D:$D,MATCH(B24,KhoiVTM!$C:$C,0)),"__NA__"))*1)+(IFERROR(F24=INDEX(KhoiVTM!$F:$F,MATCH(B24,KhoiVTM!$C:$C,0)),FALSE())*1)+(IFERROR(OR(AND(OR(D24="—",D24=""),OR(TEXT(INDEX(KhoiVTM!$J:$J,MATCH(B24,KhoiVTM!$C:$C,0)),"@")="",TEXT(INDEX(KhoiVTM!$J:$J,MATCH(B24,KhoiVTM!$C:$C,0)),"@")="—")),EXACT(TEXT(D24,"@"),TEXT(INDEX(KhoiVTM!$J:$J,MATCH(B24,KhoiVTM!$C:$C,0)),"@"))),FALSE())*1)+(IFERROR(OR(AND(OR(E24="—",E24=""),OR(TEXT(INDEX(KhoiVTM!$M:$M,MATCH(B24,KhoiVTM!$C:$C,0)),"@")="",TEXT(INDEX(KhoiVTM!$M:$M,MATCH(B24,KhoiVTM!$C:$C,0)),"@")="—")),EXACT(TEXT(E24,"@"),TEXT(INDEX(KhoiVTM!$M:$M,MATCH(B24,KhoiVTM!$C:$C,0)),"@"))),FALSE())*1)=4,"Match",IF((EXACT(C24,IFERROR(INDEX(KhoiVTM!$D:$D,MATCH(B24,KhoiVTM!$C:$C,0)),"__NA__"))*1)+(IFERROR(F24=INDEX(KhoiVTM!$F:$F,MATCH(B24,KhoiVTM!$C:$C,0)),FALSE())*1)+(IFERROR(OR(AND(OR(D24="—",D24=""),OR(TEXT(INDEX(KhoiVTM!$J:$J,MATCH(B24,KhoiVTM!$C:$C,0)),"@")="",TEXT(INDEX(KhoiVTM!$J:$J,MATCH(B24,KhoiVTM!$C:$C,0)),"@")="—")),EXACT(TEXT(D24,"@"),TEXT(INDEX(KhoiVTM!$J:$J,MATCH(B24,KhoiVTM!$C:$C,0)),"@"))),FALSE())*1)+(IFERROR(OR(AND(OR(E24="—",E24=""),OR(TEXT(INDEX(KhoiVTM!$M:$M,MATCH(B24,KhoiVTM!$C:$C,0)),"@")="",TEXT(INDEX(KhoiVTM!$M:$M,MATCH(B24,KhoiVTM!$C:$C,0)),"@")="—")),EXACT(TEXT(E24,"@"),TEXT(INDEX(KhoiVTM!$M:$M,MATCH(B24,KhoiVTM!$C:$C,0)),"@"))),FALSE())*1)>=3,"Partial","Mismatch"))),"Not Found") -> Match
A25: =KhoiVTM!A25 -> 24 | B25: =KhoiVTM!C25 -> GRM1885C1H301JA01D | C25: =KhoiVTM!D25 -> CAP CER 300PF 50V C0G/NP0 0603 | D25: 300P | E25: =RIGHT(TRIM(C25), 4) -> 0603 | F25: =KhoiVTM!F25 -> 25 | G25: 0 | H25: 0 | I25: =F25-H25 -> 25 | J25: =IF(LEFT(C25,3)="RES", "Resistor", IF(LEFT(C25,3)="CAP", "Capacitor", "Other")) -> Capacitor | K25: Done | N25: =IFERROR(IF(ISERROR(MATCH(B25,KhoiVTM!$C:$C,0)),"Not Found",IF((EXACT(C25,IFERROR(INDEX(KhoiVTM!$D:$D,MATCH(B25,KhoiVTM!$C:$C,0)),"__NA__"))*1)+(IFERROR(F25=INDEX(KhoiVTM!$F:$F,MATCH(B25,KhoiVTM!$C:$C,0)),FALSE())*1)+(IFERROR(OR(AND(OR(D25="—",D25=""),OR(TEXT(INDEX(KhoiVTM!$J:$J,MATCH(B25,KhoiVTM!$C:$C,0)),"@")="",TEXT(INDEX(KhoiVTM!$J:$J,MATCH(B25,KhoiVTM!$C:$C,0)),"@")="—")),EXACT(TEXT(D25,"@"),TEXT(INDEX(KhoiVTM!$J:$J,MATCH(B25,KhoiVTM!$C:$C,0)),"@"))),FALSE())*1)+(IFERROR(OR(AND(OR(E25="—",E25=""),OR(TEXT(INDEX(KhoiVTM!$M:$M,MATCH(B25,KhoiVTM!$C:$C,0)),"@")="",TEXT(INDEX(KhoiVTM!$M:$M,MATCH(B25,KhoiVTM!$C:$C,0)),"@")="—")),EXACT(TEXT(E25,"@"),TEXT(INDEX(KhoiVTM!$M:$M,MATCH(B25,KhoiVTM!$C:$C,0)),"@"))),FALSE())*1)=4,"Match",IF((EXACT(C25,IFERROR(INDEX(KhoiVTM!$D:$D,MATCH(B25,KhoiVTM!$C:$C,0)),"__NA__"))*1)+(IFERROR(F25=INDEX(KhoiVTM!$F:$F,MATCH(B25,KhoiVTM!$C:$C,0)),FALSE())*1)+(IFERROR(OR(AND(OR(D25="—",D25=""),OR(TEXT(INDEX(KhoiVTM!$J:$J,MATCH(B25,KhoiVTM!$C:$C,0)),"@")="",TEXT(INDEX(KhoiVTM!$J:$J,MATCH(B25,KhoiVTM!$C:$C,0)),"@")="—")),EXACT(TEXT(D25,"@"),TEXT(INDEX(KhoiVTM!$J:$J,MATCH(B25,KhoiVTM!$C:$C,0)),"@"))),FALSE())*1)+(IFERROR(OR(AND(OR(E25="—",E25=""),OR(TEXT(INDEX(KhoiVTM!$M:$M,MATCH(B25,KhoiVTM!$C:$C,0)),"@")="",TEXT(INDEX(KhoiVTM!$M:$M,MATCH(B25,KhoiVTM!$C:$C,0)),"@")="—")),EXACT(TEXT(E25,"@"),TEXT(INDEX(KhoiVTM!$M:$M,MATCH(B25,KhoiVTM!$C:$C,0)),"@"))),FALSE())*1)>=3,"Partial","Mismatch"))),"Not Found") -> Match
A26: =KhoiVTM!A26 -> 25 | B26: =KhoiVTM!C26 -> GRM1885C1H331JA01J | C26: =KhoiVTM!D26 -> CAP CER 330PF 50V C0G/NP0 0603 | D26: 330P | E26: =RIGHT(TRIM(C26), 4) -> 0603 | F26: =KhoiVTM!F26 -> 25 | G26: 0 | H26: 0 | I26: =F26-H26 -> 25 | J26: =IF(LEFT(C26,3)="RES", "Resistor", IF(LEFT(C26,3)="CAP", "Capacitor", "Other")) -> Capacitor | K26: Done | N26: =IFERROR(IF(ISERROR(MATCH(B26,KhoiVTM!$C:$C,0)),"Not Found",IF((EXACT(C26,IFERROR(INDEX(KhoiVTM!$D:$D,MATCH(B26,KhoiVTM!$C:$C,0)),"__NA__"))*1)+(IFERROR(F26=INDEX(KhoiVTM!$F:$F,MATCH(B26,KhoiVTM!$C:$C,0)),FALSE())*1)+(IFERROR(OR(AND(OR(D26="—",D26=""),OR(TEXT(INDEX(KhoiVTM!$J:$J,MATCH(B26,KhoiVTM!$C:$C,0)),"@")="",TEXT(INDEX(KhoiVTM!$J:$J,MATCH(B26,KhoiVTM!$C:$C,0)),"@")="—")),EXACT(TEXT(D26,"@"),TEXT(INDEX(KhoiVTM!$J:$J,MATCH(B26,KhoiVTM!$C:$C,0)),"@"))),FALSE())*1)+(IFERROR(OR(AND(OR(E26="—",E26=""),OR(TEXT(INDEX(KhoiVTM!$M:$M,MATCH(B26,KhoiVTM!$C:$C,0)),"@")="",TEXT(INDEX(KhoiVTM!$M:$M,MATCH(B26,KhoiVTM!$C:$C,0)),"@")="—")),EXACT(TEXT(E26,"@"),TEXT(INDEX(KhoiVTM!$M:$M,MATCH(B26,KhoiVTM!$C:$C,0)),"@"))),FALSE())*1)=4,"Match",IF((EXACT(C26,IFERROR(INDEX(KhoiVTM!$D:$D,MATCH(B26,KhoiVTM!$C:$C,0)),"__NA__"))*1)+(IFERROR(F26=INDEX(KhoiVTM!$F:$F,MATCH(B26,KhoiVTM!$C:$C,0)),FALSE())*1)+(IFERROR(OR(AND(OR(D26="—",D26=""),OR(TEXT(INDEX(KhoiVTM!$J:$J,MATCH(B26,KhoiVTM!$C:$C,0)),"@")="",TEXT(INDEX(KhoiVTM!$J:$J,MATCH(B26,KhoiVTM!$C:$C,0)),"@")="—")),EXACT(TEXT(D26,"@"),TEXT(INDEX(KhoiVTM!$J:$J,MATCH(B26,KhoiVTM!$C:$C,0)),"@"))),FALSE())*1)+(IFERROR(OR(AND(OR(E26="—",E26=""),OR(TEXT(INDEX(KhoiVTM!$M:$M,MATCH(B26,KhoiVTM!$C:$C,0)),"@")="",TEXT(INDEX(KhoiVTM!$M:$M,MATCH(B26,KhoiVTM!$C:$C,0)),"@")="—")),EXACT(TEXT(E26,"@"),TEXT(INDEX(KhoiVTM!$M:$M,MATCH(B26,KhoiVTM!$C:$C,0)),"@"))),FALSE())*1)>=3,"Partial","Mismatch"))),"Not Found") -> Match
A27: =KhoiVTM!A27 -> 26 | B27: =KhoiVTM!C27 -> GRM1885C1H271JA01J | C27: =KhoiVTM!D27 -> CAP CER 270PF 50V C0G/NP0 0603 | D27: 270P | E27: =RIGHT(TRIM(C27), 4) -> 0603 | F27: =KhoiVTM!F27 -> 25 | G27: 0 | H27: 0 | I27: =F27-H27 -> 25 | J27: =IF(LEFT(C27,3)="RES", "Resistor", IF(LEFT(C27,3)="CAP", "Capacitor", "Other")) -> Capacitor | K27: Done | N27: =IFERROR(IF(ISERROR(MATCH(B27,KhoiVTM!$C:$C,0)),"Not Found",IF((EXACT(C27,IFERROR(INDEX(KhoiVTM!$D:$D,MATCH(B27,KhoiVTM!$C:$C,0)),"__NA__"))*1)+(IFERROR(F27=INDEX(KhoiVTM!$F:$F,MATCH(B27,KhoiVTM!$C:$C,0)),FALSE())*1)+(IFERROR(OR(AND(OR(D27="—",D27=""),OR(TEXT(INDEX(KhoiVTM!$J:$J,MATCH(B27,KhoiVTM!$C:$C,0)),"@")="",TEXT(INDEX(KhoiVTM!$J:$J,MATCH(B27,KhoiVTM!$C:$C,0)),"@")="—")),EXACT(TEXT(D27,"@"),TEXT(INDEX(KhoiVTM!$J:$J,MATCH(B27,KhoiVTM!$C:$C,0)),"@"))),FALSE())*1)+(IFERROR(OR(AND(OR(E27="—",E27=""),OR(TEXT(INDEX(KhoiVTM!$M:$M,MATCH(B27,KhoiVTM!$C:$C,0)),"@")="",TEXT(INDEX(KhoiVTM!$M:$M,MATCH(B27,KhoiVTM!$C:$C,0)),"@")="—")),EXACT(TEXT(E27,"@"),TEXT(INDEX(KhoiVTM!$M:$M,MATCH(B27,KhoiVTM!$C:$C,0)),"@"))),FALSE())*1)=4,"Match",IF((EXACT(C27,IFERROR(INDEX(KhoiVTM!$D:$D,MATCH(B27,KhoiVTM!$C:$C,0)),"__NA__"))*1)+(IFERROR(F27=INDEX(KhoiVTM!$F:$F,MATCH(B27,KhoiVTM!$C:$C,0)),FALSE())*1)+(IFERROR(OR(AND(OR(D27="—",D27=""),OR(TEXT(INDEX(KhoiVTM!$J:$J,MATCH(B27,KhoiVTM!$C:$C,0)),"@")="",TEXT(INDEX(KhoiVTM!$J:$J,MATCH(B27,KhoiVTM!$C:$C,0)),"@")="—")),EXACT(TEXT(D27,"@"),TEXT(INDEX(KhoiVTM!$J:$J,MATCH(B27,KhoiVTM!$C:$C,0)),"@"))),FALSE())*1)+(IFERROR(OR(AND(OR(E27="—",E27=""),OR(TEXT(INDEX(KhoiVTM!$M:$M,MATCH(B27,KhoiVTM!$C:$C,0)),"@")="",TEXT(INDEX(KhoiVTM!$M:$M,MATCH(B27,KhoiVTM!$C:$C,0)),"@")="—")),EXACT(TEXT(E27,"@"),TEXT(INDEX(KhoiVTM!$M:$M,MATCH(B27,KhoiVTM!$C:$C,0)),"@"))),FALSE())*1)>=3,"Partial","Mismatch"))),"Not Found") -> Match
A28: =KhoiVTM!A28 -> 27 | B28: =KhoiVTM!C28 -> GRM1885C1H470JA01D | C28: =KhoiVTM!D28 -> CAP CER 47PF 50V C0G/NP0 0603 | D28: 47P | E28: =RIGHT(TRIM(C28), 4) -> 0603 | F28: =KhoiVTM!F28 -> 25 | G28: 0 | H28: 0 | I28: =F28-H28 -> 25 | J28: =IF(LEFT(C28,3)="RES", "Resistor", IF(LEFT(C28,3)="CAP", "Capacitor", "Other")) -> Capacitor | K28: Done | N28: =IFERROR(IF(ISERROR(MATCH(B28,KhoiVTM!$C:$C,0)),"Not Found",IF((EXACT(C28,IFERROR(INDEX(KhoiVTM!$D:$D,MATCH(B28,KhoiVTM!$C:$C,0)),"__NA__"))*1)+(IFERROR(F28=INDEX(KhoiVTM!$F:$F,MATCH(B28,KhoiVTM!$C:$C,0)),FALSE())*1)+(IFERROR(OR(AND(OR(D28="—",D28=""),OR(TEXT(INDEX(KhoiVTM!$J:$J,MATCH(B28,KhoiVTM!$C:$C,0)),"@")="",TEXT(INDEX(KhoiVTM!$J:$J,MATCH(B28,KhoiVTM!$C:$C,0)),"@")="—")),EXACT(TEXT(D28,"@"),TEXT(INDEX(KhoiVTM!$J:$J,MATCH(B28,KhoiVTM!$C:$C,0)),"@"))),FALSE())*1)+(IFERROR(OR(AND(OR(E28="—",E28=""),OR(TEXT(INDEX(KhoiVTM!$M:$M,MATCH(B28,KhoiVTM!$C:$C,0)),"@")="",TEXT(INDEX(KhoiVTM!$M:$M,MATCH(B28,KhoiVTM!$C:$C,0)),"@")="—")),EXACT(TEXT(E28,"@"),TEXT(INDEX(KhoiVTM!$M:$M,MATCH(B28,KhoiVTM!$C:$C,0)),"@"))),FALSE())*1)=4,"Match",IF((EXACT(C28,IFERROR(INDEX(KhoiVTM!$D:$D,MATCH(B28,KhoiVTM!$C:$C,0)),"__NA__"))*1)+(IFERROR(F28=INDEX(KhoiVTM!$F:$F,MATCH(B28,KhoiVTM!$C:$C,0)),FALSE())*1)+(IFERROR(OR(AND(OR(D28="—",D28=""),OR(TEXT(INDEX(KhoiVTM!$J:$J,MATCH(B28,KhoiVTM!$C:$C,0)),"@")="",TEXT(INDEX(KhoiVTM!$J:$J,MATCH(B28,KhoiVTM!$C:$C,0)),"@")="—")),EXACT(TEXT(D28,"@"),TEXT(INDEX(KhoiVTM!$J:$J,MATCH(B28,KhoiVTM!$C:$C,0)),"@"))),FALSE())*1)+(IFERROR(OR(AND(OR(E28="—",E28=""),OR(TEXT(INDEX(KhoiVTM!$M:$M,MATCH(B28,KhoiVTM!$C:$C,0)),"@")="",TEXT(INDEX(KhoiVTM!$M:$M,MATCH(B28,KhoiVTM!$C:$C,0)),"@")="—")),EXACT(TEXT(E28,"@"),TEXT(INDEX(KhoiVTM!$M:$M,MATCH(B28,KhoiVTM!$C:$C,0)),"@"))),FALSE())*1)>=3,"Partial","Mismatch"))),"Not Found") -> Match
A29: =KhoiVTM!A29 -> 28 | B29: =KhoiVTM!C29 -> GRM188R72A104KA35D | C29: =KhoiVTM!D29 -> CAP CER 0.1UF 100V X7R 0603 | D29: 0.1U | E29: =RIGHT(TRIM(C29), 4) -> 0603 | F29: =KhoiVTM!F29 -> 25 | G29: 27 | H29: 0 | I29: =F29-H29 -> 25 | J29: =IF(LEFT(C29,3)="RES", "Resistor", IF(LEFT(C29,3)="CAP", "Capacitor", "Other")) -> Capacitor | K29: Done | N29: =IFERROR(IF(ISERROR(MATCH(B29,KhoiVTM!$C:$C,0)),"Not Found",IF((EXACT(C29,IFERROR(INDEX(KhoiVTM!$D:$D,MATCH(B29,KhoiVTM!$C:$C,0)),"__NA__"))*1)+(IFERROR(F29=INDEX(KhoiVTM!$F:$F,MATCH(B29,KhoiVTM!$C:$C,0)),FALSE())*1)+(IFERROR(OR(AND(OR(D29="—",D29=""),OR(TEXT(INDEX(KhoiVTM!$J:$J,MATCH(B29,KhoiVTM!$C:$C,0)),"@")="",TEXT(INDEX(KhoiVTM!$J:$J,MATCH(B29,KhoiVTM!$C:$C,0)),"@")="—")),EXACT(TEXT(D29,"@"),TEXT(INDEX(KhoiVTM!$J:$J,MATCH(B29,KhoiVTM!$C:$C,0)),"@"))),FALSE())*1)+(IFERROR(OR(AND(OR(E29="—",E29=""),OR(TEXT(INDEX(KhoiVTM!$M:$M,MATCH(B29,KhoiVTM!$C:$C,0)),"@")="",TEXT(INDEX(KhoiVTM!$M:$M,MATCH(B29,KhoiVTM!$C:$C,0)),"@")="—")),EXACT(TEXT(E29,"@"),TEXT(INDEX(KhoiVTM!$M:$M,MATCH(B29,KhoiVTM!$C:$C,0)),"@"))),FALSE())*1)=4,"Match",IF((EXACT(C29,IFERROR(INDEX(KhoiVTM!$D:$D,MATCH(B29,KhoiVTM!$C:$C,0)),"__NA__"))*1)+(IFERROR(F29=INDEX(KhoiVTM!$F:$F,MATCH(B29,KhoiVTM!$C:$C,0)),FALSE())*1)+(IFERROR(OR(AND(OR(D29="—",D29=""),OR(TEXT(INDEX(KhoiVTM!$J:$J,MATCH(B29,KhoiVTM!$C:$C,0)),"@")="",TEXT(INDEX(KhoiVTM!$J:$J,MATCH(B29,KhoiVTM!$C:$C,0)),"@")="—")),EXACT(TEXT(D29,"@"),TEXT(INDEX(KhoiVTM!$J:$J,MATCH(B29,KhoiVTM!$C:$C,0)),"@"))),FALSE())*1)+(IFERROR(OR(AND(OR(E29="—",E29=""),OR(TEXT(INDEX(KhoiVTM!$M:$M,MATCH(B29,KhoiVTM!$C:$C,0)),"@")="",TEXT(INDEX(KhoiVTM!$M:$M,MATCH(B29,KhoiVTM!$C:$C,0)),"@")="—")),EXACT(TEXT(E29,"@"),TEXT(INDEX(KhoiVTM!$M:$M,MATCH(B29,KhoiVTM!$C:$C,0)),"@"))),FALSE())*1)>=3,"Partial","Mismatch"))),"Not Found") -> Match
A30: =KhoiVTM!A30 -> 29 | B30: =KhoiVTM!C30 -> GRM188R72A103KA01D | C30: =KhoiVTM!D30 -> CAP CER 10000PF 100V X7R 0603 | D30: 10000P | E30: =RIGHT(TRIM(C30), 4) -> 0603 | F30: =KhoiVTM!F30 -> 25 | G30: 3 | H30: 0 | I30: =F30-H30 -> 25 | J30: =IF(LEFT(C30,3)="RES", "Resistor", IF(LEFT(C30,3)="CAP", "Capacitor", "Other")) -> Capacitor | K30: Done | N30: =IFERROR(IF(ISERROR(MATCH(B30,KhoiVTM!$C:$C,0)),"Not Found",IF((EXACT(C30,IFERROR(INDEX(KhoiVTM!$D:$D,MATCH(B30,KhoiVTM!$C:$C,0)),"__NA__"))*1)+(IFERROR(F30=INDEX(KhoiVTM!$F:$F,MATCH(B30,KhoiVTM!$C:$C,0)),FALSE())*1)+(IFERROR(OR(AND(OR(D30="—",D30=""),OR(TEXT(INDEX(KhoiVTM!$J:$J,MATCH(B30,KhoiVTM!$C:$C,0)),"@")="",TEXT(INDEX(KhoiVTM!$J:$J,MATCH(B30,KhoiVTM!$C:$C,0)),"@")="—")),EXACT(TEXT(D30,"@"),TEXT(INDEX(KhoiVTM!$J:$J,MATCH(B30,KhoiVTM!$C:$C,0)),"@"))),FALSE())*1)+(IFERROR(OR(AND(OR(E30="—",E30=""),OR(TEXT(INDEX(KhoiVTM!$M:$M,MATCH(B30,KhoiVTM!$C:$C,0)),"@")="",TEXT(INDEX(KhoiVTM!$M:$M,MATCH(B30,KhoiVTM!$C:$C,0)),"@")="—")),EXACT(TEXT(E30,"@"),TEXT(INDEX(KhoiVTM!$M:$M,MATCH(B30,KhoiVTM!$C:$C,0)),"@"))),FALSE())*1)=4,"Match",IF((EXACT(C30,IFERROR(INDEX(KhoiVTM!$D:$D,MATCH(B30,KhoiVTM!$C:$C,0)),"__NA__"))*1)+(IFERROR(F30=INDEX(KhoiVTM!$F:$F,MATCH(B30,KhoiVTM!$C:$C,0)),FALSE())*1)+(IFERROR(OR(AND(OR(D30="—",D30=""),OR(TEXT(INDEX(KhoiVTM!$J:$J,MATCH(B30,KhoiVTM!$C:$C,0)),"@")="",TEXT(INDEX(KhoiVTM!$J:$J,MATCH(B30,KhoiVTM!$C:$C,0)),"@")="—")),EXACT(TEXT(D30,"@"),TEXT(INDEX(KhoiVTM!$J:$J,MATCH(B30,KhoiVTM!$C:$C,0)),"@"))),FALSE())*1)+(IFERROR(OR(AND(OR(E30="—",E30=""),OR(TEXT(INDEX(KhoiVTM!$M:$M,MATCH(B30,KhoiVTM!$C:$C,0)),"@")="",TEXT(INDEX(KhoiVTM!$M:$M,MATCH(B30,KhoiVTM!$C:$C,0)),"@")="—")),EXACT(TEXT(E30,"@"),TEXT(INDEX(KhoiVTM!$M:$M,MATCH(B30,KhoiVTM!$C:$C,0)),"@"))),FALSE())*1)>=3,"Partial","Mismatch"))),"Not Found") -> Match
A31: =KhoiVTM!A31 -> 30 | B31: =KhoiVTM!C31 -> ERJ-3EKF49R9V | C31: =KhoiVTM!D31 -> RES SMD 49.9 OHM 1% 1/10W 0603 | D31: 49.9 | E31: =RIGHT(TRIM(C31), 4) -> 0603 | F31: =KhoiVTM!F31 -> 25 | G31: 4 | H31: 0 | I31: =F31-H31 -> 25 | J31: =IF(LEFT(C31,3)="RES", "Resistor", IF(LEFT(C31,3)="CAP", "Capacitor", "Other")) -> Resistor | K31: Done | N31: =IFERROR(IF(ISERROR(MATCH(B31,KhoiVTM!$C:$C,0)),"Not Found",IF((EXACT(C31,IFERROR(INDEX(KhoiVTM!$D:$D,MATCH(B31,KhoiVTM!$C:$C,0)),"__NA__"))*1)+(IFERROR(F31=INDEX(KhoiVTM!$F:$F,MATCH(B31,KhoiVTM!$C:$C,0)),FALSE())*1)+(IFERROR(OR(AND(OR(D31="—",D31=""),OR(TEXT(INDEX(KhoiVTM!$J:$J,MATCH(B31,KhoiVTM!$C:$C,0)),"@")="",TEXT(INDEX(KhoiVTM!$J:$J,MATCH(B31,KhoiVTM!$C:$C,0)),"@")="—")),EXACT(TEXT(D31,"@"),TEXT(INDEX(KhoiVTM!$J:$J,MATCH(B31,KhoiVTM!$C:$C,0)),"@"))),FALSE())*1)+(IFERROR(OR(AND(OR(E31="—",E31=""),OR(TEXT(INDEX(KhoiVTM!$M:$M,MATCH(B31,KhoiVTM!$C:$C,0)),"@")="",TEXT(INDEX(KhoiVTM!$M:$M,MATCH(B31,KhoiVTM!$C:$C,0)),"@")="—")),EXACT(TEXT(E31,"@"),TEXT(INDEX(KhoiVTM!$M:$M,MATCH(B31,KhoiVTM!$C:$C,0)),"@"))),FALSE())*1)=4,"Match",IF((EXACT(C31,IFERROR(INDEX(KhoiVTM!$D:$D,MATCH(B31,KhoiVTM!$C:$C,0)),"__NA__"))*1)+(IFERROR(F31=INDEX(KhoiVTM!$F:$F,MATCH(B31,KhoiVTM!$C:$C,0)),FALSE())*1)+(IFERROR(OR(AND(OR(D31="—",D31=""),OR(TEXT(INDEX(KhoiVTM!$J:$J,MATCH(B31,KhoiVTM!$C:$C,0)),"@")="",TEXT(INDEX(KhoiVTM!$J:$J,MATCH(B31,KhoiVTM!$C:$C,0)),"@")="—")),EXACT(TEXT(D31,"@"),TEXT(INDEX(KhoiVTM!$J:$J,MATCH(B31,KhoiVTM!$C:$C,0)),"@"))),FALSE())*1)+(IFERROR(OR(AND(OR(E31="—",E31=""),OR(TEXT(INDEX(KhoiVTM!$M:$M,MATCH(B31,KhoiVTM!$C:$C,0)),"@")="",TEXT(INDEX(KhoiVTM!$M:$M,MATCH(B31,KhoiVTM!$C:$C,0)),"@")="—")),EXACT(TEXT(E31,"@"),TEXT(INDEX(KhoiVTM!$M:$M,MATCH(B31,KhoiVTM!$C:$C,0)),"@"))),FALSE())*1)>=3,"Partial","Mismatch"))),"Not Found") -> Match
A32: =KhoiVTM!A32 -> 31 | B32: =KhoiVTM!C32 -> AD8014ARZ | C32: =KhoiVTM!D32 -> IC OPAMP CFA 1 CIRCUIT 8SOIC | D32: — | E32: 8SOIC | F32: =KhoiVTM!F32 -> 4 | G32: 1 | H32: 0 | I32: =F32-H32 -> 4 | J32: =IF(LEFT(C32,3)="RES", "Resistor", IF(LEFT(C32,3)="CAP", "Capacitor", "Other")) -> Other | K32: Done | N32: =IFERROR(IF(ISERROR(MATCH(B32,KhoiVTM!$C:$C,0)),"Not Found",IF((EXACT(C32,IFERROR(INDEX(KhoiVTM!$D:$D,MATCH(B32,KhoiVTM!$C:$C,0)),"__NA__"))*1)+(IFERROR(F32=INDEX(KhoiVTM!$F:$F,MATCH(B32,KhoiVTM!$C:$C,0)),FALSE())*1)+(IFERROR(OR(AND(OR(D32="—",D32=""),OR(TEXT(INDEX(KhoiVTM!$J:$J,MATCH(B32,KhoiVTM!$C:$C,0)),"@")="",TEXT(INDEX(KhoiVTM!$J:$J,MATCH(B32,KhoiVTM!$C:$C,0)),"@")="—")),EXACT(TEXT(D32,"@"),TEXT(INDEX(KhoiVTM!$J:$J,MATCH(B32,KhoiVTM!$C:$C,0)),"@"))),FALSE())*1)+(IFERROR(OR(AND(OR(E32="—",E32=""),OR(TEXT(INDEX(KhoiVTM!$M:$M,MATCH(B32,KhoiVTM!$C:$C,0)),"@")="",TEXT(INDEX(KhoiVTM!$M:$M,MATCH(B32,KhoiVTM!$C:$C,0)),"@")="—")),EXACT(TEXT(E32,"@"),TEXT(INDEX(KhoiVTM!$M:$M,MATCH(B32,KhoiVTM!$C:$C,0)),"@"))),FALSE())*1)=4,"Match",IF((EXACT(C32,IFERROR(INDEX(KhoiVTM!$D:$D,MATCH(B32,KhoiVTM!$C:$C,0)),"__NA__"))*1)+(IFERROR(F32=INDEX(KhoiVTM!$F:$F,MATCH(B32,KhoiVTM!$C:$C,0)),FALSE())*1)+(IFERROR(OR(AND(OR(D32="—",D32=""),OR(TEXT(INDEX(KhoiVTM!$J:$J,MATCH(B32,KhoiVTM!$C:$C,0)),"@")="",TEXT(INDEX(KhoiVTM!$J:$J,MATCH(B32,KhoiVTM!$C:$C,0)),"@")="—")),EXACT(TEXT(D32,"@"),TEXT(INDEX(KhoiVTM!$J:$J,MATCH(B32,KhoiVTM!$C:$C,0)),"@"))),FALSE())*1)+(IFERROR(OR(AND(OR(E32="—",E32=""),OR(TEXT(INDEX(KhoiVTM!$M:$M,MATCH(B32,KhoiVTM!$C:$C,0)),"@")="",TEXT(INDEX(KhoiVTM!$M:$M,MATCH(B32,KhoiVTM!$C:$C,0)),"@")="—")),EXACT(TEXT(E32,"@"),TEXT(INDEX(KhoiVTM!$M:$M,MATCH(B32,KhoiVTM!$C:$C,0)),"@"))),FALSE())*1)>=3,"Partial","Mismatch"))),"Not Found") -> Partial
A33: =KhoiVTM!A33 -> 32 | B33: =KhoiVTM!C33 -> LQW18ANR27J00D | C33: =KhoiVTM!D33 -> FIXED IND 270NH 0603 (Murata LQW18, high-Q) | D33: 270n | E33: 0603 | F33: =KhoiVTM!F33 -> 25 | G33: 0 | H33: 0 | I33: =F33-H33 -> 25 | J33: =IF(LEFT(C33,3)="RES", "Resistor", IF(LEFT(C33,3)="CAP", "Capacitor", "Other")) -> Other | K33: Done | N33: =IFERROR(IF(ISERROR(MATCH(B33,KhoiVTM!$C:$C,0)),"Not Found",IF((EXACT(C33,IFERROR(INDEX(KhoiVTM!$D:$D,MATCH(B33,KhoiVTM!$C:$C,0)),"__NA__"))*1)+(IFERROR(F33=INDEX(KhoiVTM!$F:$F,MATCH(B33,KhoiVTM!$C:$C,0)),FALSE())*1)+(IFERROR(OR(AND(OR(D33="—",D33=""),OR(TEXT(INDEX(KhoiVTM!$J:$J,MATCH(B33,KhoiVTM!$C:$C,0)),"@")="",TEXT(INDEX(KhoiVTM!$J:$J,MATCH(B33,KhoiVTM!$C:$C,0)),"@")="—")),EXACT(TEXT(D33,"@"),TEXT(INDEX(KhoiVTM!$J:$J,MATCH(B33,KhoiVTM!$C:$C,0)),"@"))),FALSE())*1)+(IFERROR(OR(AND(OR(E33="—",E33=""),OR(TEXT(INDEX(KhoiVTM!$M:$M,MATCH(B33,KhoiVTM!$C:$C,0)),"@")="",TEXT(INDEX(KhoiVTM!$M:$M,MATCH(B33,KhoiVTM!$C:$C,0)),"@")="—")),EXACT(TEXT(E33,"@"),TEXT(INDEX(KhoiVTM!$M:$M,MATCH(B33,KhoiVTM!$C:$C,0)),"@"))),FALSE())*1)=4,"Match",IF((EXACT(C33,IFERROR(INDEX(KhoiVTM!$D:$D,MATCH(B33,KhoiVTM!$C:$C,0)),"__NA__"))*1)+(IFERROR(F33=INDEX(KhoiVTM!$F:$F,MATCH(B33,KhoiVTM!$C:$C,0)),FALSE())*1)+(IFERROR(OR(AND(OR(D33="—",D33=""),OR(TEXT(INDEX(KhoiVTM!$J:$J,MATCH(B33,KhoiVTM!$C:$C,0)),"@")="",TEXT(INDEX(KhoiVTM!$J:$J,MATCH(B33,KhoiVTM!$C:$C,0)),"@")="—")),EXACT(TEXT(D33,"@"),TEXT(INDEX(KhoiVTM!$J:$J,MATCH(B33,KhoiVTM!$C:$C,0)),"@"))),FALSE())*1)+(IFERROR(OR(AND(OR(E33="—",E33=""),OR(TEXT(INDEX(KhoiVTM!$M:$M,MATCH(B33,KhoiVTM!$C:$C,0)),"@")="",TEXT(INDEX(KhoiVTM!$M:$M,MATCH(B33,KhoiVTM!$C:$C,0)),"@")="—")),EXACT(TEXT(E33,"@"),TEXT(INDEX(KhoiVTM!$M:$M,MATCH(B33,KhoiVTM!$C:$C,0)),"@"))),FALSE())*1)>=3,"Partial","Mismatch"))),"Not Found") -> Match
A34: =KhoiVTM!A34 -> 33 | B34: =KhoiVTM!C34 -> LQW18ANR39J00D | C34: =KhoiVTM!D34 -> FIXED IND 390NH 0603 (Murata LQW18, high-Q) | D34: 390n | E34: 603 | F34: =KhoiVTM!F34 -> 25 | G34: 0 | H34: 0 | I34: =F34-H34 -> 25 | J34: =IF(LEFT(C34,3)="RES", "Resistor", IF(LEFT(C34,3)="CAP", "Capacitor", "Other")) -> Other | K34: Done | N34: =IFERROR(IF(ISERROR(MATCH(B34,KhoiVTM!$C:$C,0)),"Not Found",IF((EXACT(C34,IFERROR(INDEX(KhoiVTM!$D:$D,MATCH(B34,KhoiVTM!$C:$C,0)),"__NA__"))*1)+(IFERROR(F34=INDEX(KhoiVTM!$F:$F,MATCH(B34,KhoiVTM!$C:$C,0)),FALSE())*1)+(IFERROR(OR(AND(OR(D34="—",D34=""),OR(TEXT(INDEX(KhoiVTM!$J:$J,MATCH(B34,KhoiVTM!$C:$C,0)),"@")="",TEXT(INDEX(KhoiVTM!$J:$J,MATCH(B34,KhoiVTM!$C:$C,0)),"@")="—")),EXACT(TEXT(D34,"@"),TEXT(INDEX(KhoiVTM!$J:$J,MATCH(B34,KhoiVTM!$C:$C,0)),"@"))),FALSE())*1)+(IFERROR(OR(AND(OR(E34="—",E34=""),OR(TEXT(INDEX(KhoiVTM!$M:$M,MATCH(B34,KhoiVTM!$C:$C,0)),"@")="",TEXT(INDEX(KhoiVTM!$M:$M,MATCH(B34,KhoiVTM!$C:$C,0)),"@")="—")),EXACT(TEXT(E34,"@"),TEXT(INDEX(KhoiVTM!$M:$M,MATCH(B34,KhoiVTM!$C:$C,0)),"@"))),FALSE())*1)=4,"Match",IF((EXACT(C34,IFERROR(INDEX(KhoiVTM!$D:$D,MATCH(B34,KhoiVTM!$C:$C,0)),"__NA__"))*1)+(IFERROR(F34=INDEX(KhoiVTM!$F:$F,MATCH(B34,KhoiVTM!$C:$C,0)),FALSE())*1)+(IFERROR(OR(AND(OR(D34="—",D34=""),OR(TEXT(INDEX(KhoiVTM!$J:$J,MATCH(B34,KhoiVTM!$C:$C,0)),"@")="",TEXT(INDEX(KhoiVTM!$J:$J,MATCH(B34,KhoiVTM!$C:$C,0)),"@")="—")),EXACT(TEXT(D34,"@"),TEXT(INDEX(KhoiVTM!$J:$J,MATCH(B34,KhoiVTM!$C:$C,0)),"@"))),FALSE())*1)+(IFERROR(OR(AND(OR(E34="—",E34=""),OR(TEXT(INDEX(KhoiVTM!$M:$M,MATCH(B34,KhoiVTM!$C:$C,0)),"@")="",TEXT(INDEX(KhoiVTM!$M:$M,MATCH(B34,KhoiVTM!$C:$C,0)),"@")="—")),EXACT(TEXT(E34,"@"),TEXT(INDEX(KhoiVTM!$M:$M,MATCH(B34,KhoiVTM!$C:$C,0)),"@"))),FALSE())*1)>=3,"Partial","Mismatch"))),"Not Found") -> Match
A35: =KhoiVTM!A35 -> 34 | B35: =KhoiVTM!C35 -> LQW18ANR47J00D | C35: =KhoiVTM!D35 -> FIXED IND 470NH 0603 (Murata LQW18, high-Q) | D35: 470n | E35: 603 | F35: =KhoiVTM!F35 -> 25 | G35: 0 | H35: 0 | I35: =F35-H35 -> 25 | J35: =IF(LEFT(C35,3)="RES", "Resistor", IF(LEFT(C35,3)="CAP", "Capacitor", "Other")) -> Other | K35: Done | N35: =IFERROR(IF(ISERROR(MATCH(B35,KhoiVTM!$C:$C,0)),"Not Found",IF((EXACT(C35,IFERROR(INDEX(KhoiVTM!$D:$D,MATCH(B35,KhoiVTM!$C:$C,0)),"__NA__"))*1)+(IFERROR(F35=INDEX(KhoiVTM!$F:$F,MATCH(B35,KhoiVTM!$C:$C,0)),FALSE())*1)+(IFERROR(OR(AND(OR(D35="—",D35=""),OR(TEXT(INDEX(KhoiVTM!$J:$J,MATCH(B35,KhoiVTM!$C:$C,0)),"@")="",TEXT(INDEX(KhoiVTM!$J:$J,MATCH(B35,KhoiVTM!$C:$C,0)),"@")="—")),EXACT(TEXT(D35,"@"),TEXT(INDEX(KhoiVTM!$J:$J,MATCH(B35,KhoiVTM!$C:$C,0)),"@"))),FALSE())*1)+(IFERROR(OR(AND(OR(E35="—",E35=""),OR(TEXT(INDEX(KhoiVTM!$M:$M,MATCH(B35,KhoiVTM!$C:$C,0)),"@")="",TEXT(INDEX(KhoiVTM!$M:$M,MATCH(B35,KhoiVTM!$C:$C,0)),"@")="—")),EXACT(TEXT(E35,"@"),TEXT(INDEX(KhoiVTM!$M:$M,MATCH(B35,KhoiVTM!$C:$C,0)),"@"))),FALSE())*1)=4,"Match",IF((EXACT(C35,IFERROR(INDEX(KhoiVTM!$D:$D,MATCH(B35,KhoiVTM!$C:$C,0)),"__NA__"))*1)+(IFERROR(F35=INDEX(KhoiVTM!$F:$F,MATCH(B35,KhoiVTM!$C:$C,0)),FALSE())*1)+(IFERROR(OR(AND(OR(D35="—",D35=""),OR(TEXT(INDEX(KhoiVTM!$J:$J,MATCH(B35,KhoiVTM!$C:$C,0)),"@")="",TEXT(INDEX(KhoiVTM!$J:$J,MATCH(B35,KhoiVTM!$C:$C,0)),"@")="—")),EXACT(TEXT(D35,"@"),TEXT(INDEX(KhoiVTM!$J:$J,MATCH(B35,KhoiVTM!$C:$C,0)),"@"))),FALSE())*1)+(IFERROR(OR(AND(OR(E35="—",E35=""),OR(TEXT(INDEX(KhoiVTM!$M:$M,MATCH(B35,KhoiVTM!$C:$C,0)),"@")="",TEXT(INDEX(KhoiVTM!$M:$M,MATCH(B35,KhoiVTM!$C:$C,0)),"@")="—")),EXACT(TEXT(E35,"@"),TEXT(INDEX(KhoiVTM!$M:$M,MATCH(B35,KhoiVTM!$C:$C,0)),"@"))),FALSE())*1)>=3,"Partial","Mismatch"))),"Not Found") -> Match
A36: =KhoiVTM!A36 -> 35 | B36: =KhoiVTM!C36 -> ASDMB-75.000MHZ-LY-T | C36: =KhoiVTM!D36 -> MEMS OSC XO 75.0000MHZ LVCMOS (AD9834 MCLK) | D36: 75M | E36: 4-SMD | F36: =KhoiVTM!F36 -> 4 | G36: 1 | H36: 0 | I36: =F36-H36 -> 4 | J36: =IF(LEFT(C36,3)="RES", "Resistor", IF(LEFT(C36,3)="CAP", "Capacitor", "Other")) -> Other | K36: Done | N36: =IFERROR(IF(ISERROR(MATCH(B36,KhoiVTM!$C:$C,0)),"Not Found",IF((EXACT(C36,IFERROR(INDEX(KhoiVTM!$D:$D,MATCH(B36,KhoiVTM!$C:$C,0)),"__NA__"))*1)+(IFERROR(F36=INDEX(KhoiVTM!$F:$F,MATCH(B36,KhoiVTM!$C:$C,0)),FALSE())*1)+(IFERROR(OR(AND(OR(D36="—",D36=""),OR(TEXT(INDEX(KhoiVTM!$J:$J,MATCH(B36,KhoiVTM!$C:$C,0)),"@")="",TEXT(INDEX(KhoiVTM!$J:$J,MATCH(B36,KhoiVTM!$C:$C,0)),"@")="—")),EXACT(TEXT(D36,"@"),TEXT(INDEX(KhoiVTM!$J:$J,MATCH(B36,KhoiVTM!$C:$C,0)),"@"))),FALSE())*1)+(IFERROR(OR(AND(OR(E36="—",E36=""),OR(TEXT(INDEX(KhoiVTM!$M:$M,MATCH(B36,KhoiVTM!$C:$C,0)),"@")="",TEXT(INDEX(KhoiVTM!$M:$M,MATCH(B36,KhoiVTM!$C:$C,0)),"@")="—")),EXACT(TEXT(E36,"@"),TEXT(INDEX(KhoiVTM!$M:$M,MATCH(B36,KhoiVTM!$C:$C,0)),"@"))),FALSE())*1)=4,"Match",IF((EXACT(C36,IFERROR(INDEX(KhoiVTM!$D:$D,MATCH(B36,KhoiVTM!$C:$C,0)),"__NA__"))*1)+(IFERROR(F36=INDEX(KhoiVTM!$F:$F,MATCH(B36,KhoiVTM!$C:$C,0)),FALSE())*1)+(IFERROR(OR(AND(OR(D36="—",D36=""),OR(TEXT(INDEX(KhoiVTM!$J:$J,MATCH(B36,KhoiVTM!$C:$C,0)),"@")="",TEXT(INDEX(KhoiVTM!$J:$J,MATCH(B36,KhoiVTM!$C:$C,0)),"@")="—")),EXACT(TEXT(D36,"@"),TEXT(INDEX(KhoiVTM!$J:$J,MATCH(B36,KhoiVTM!$C:$C,0)),"@"))),FALSE())*1)+(IFERROR(OR(AND(OR(E36="—",E36=""),OR(TEXT(INDEX(KhoiVTM!$M:$M,MATCH(B36,KhoiVTM!$C:$C,0)),"@")="",TEXT(INDEX(KhoiVTM!$M:$M,MATCH(B36,KhoiVTM!$C:$C,0)),"@")="—")),EXACT(TEXT(E36,"@"),TEXT(INDEX(KhoiVTM!$M:$M,MATCH(B36,KhoiVTM!$C:$C,0)),"@"))),FALSE())*1)>=3,"Partial","Mismatch"))),"Not Found") -> Match
A37: =KhoiVTM!A37 -> 36 | B37: =KhoiVTM!C37 -> TLV75533PDBVR | C37: =KhoiVTM!D37 -> IC REG LINEAR 3.3V 500MA | D37: — | E37: SOT-23-5 | F37: =KhoiVTM!F37 -> 10 | G37: 0 | H37: 0 | I37: =F37-H37 -> 10 | J37: =IF(LEFT(C37,3)="RES", "Resistor", IF(LEFT(C37,3)="CAP", "Capacitor", "Other")) -> Other | K37: Done | N37: =IFERROR(IF(ISERROR(MATCH(B37,KhoiVTM!$C:$C,0)),"Not Found",IF((EXACT(C37,IFERROR(INDEX(KhoiVTM!$D:$D,MATCH(B37,KhoiVTM!$C:$C,0)),"__NA__"))*1)+(IFERROR(F37=INDEX(KhoiVTM!$F:$F,MATCH(B37,KhoiVTM!$C:$C,0)),FALSE())*1)+(IFERROR(OR(AND(OR(D37="—",D37=""),OR(TEXT(INDEX(KhoiVTM!$J:$J,MATCH(B37,KhoiVTM!$C:$C,0)),"@")="",TEXT(INDEX(KhoiVTM!$J:$J,MATCH(B37,KhoiVTM!$C:$C,0)),"@")="—")),EXACT(TEXT(D37,"@"),TEXT(INDEX(KhoiVTM!$J:$J,MATCH(B37,KhoiVTM!$C:$C,0)),"@"))),FALSE())*1)+(IFERROR(OR(AND(OR(E37="—",E37=""),OR(TEXT(INDEX(KhoiVTM!$M:$M,MATCH(B37,KhoiVTM!$C:$C,0)),"@")="",TEXT(INDEX(KhoiVTM!$M:$M,MATCH(B37,KhoiVTM!$C:$C,0)),"@")="—")),EXACT(TEXT(E37,"@"),TEXT(INDEX(KhoiVTM!$M:$M,MATCH(B37,KhoiVTM!$C:$C,0)),"@"))),FALSE())*1)=4,"Match",IF((EXACT(C37,IFERROR(INDEX(KhoiVTM!$D:$D,MATCH(B37,KhoiVTM!$C:$C,0)),"__NA__"))*1)+(IFERROR(F37=INDEX(KhoiVTM!$F:$F,MATCH(B37,KhoiVTM!$C:$C,0)),FALSE())*1)+(IFERROR(OR(AND(OR(D37="—",D37=""),OR(TEXT(INDEX(KhoiVTM!$J:$J,MATCH(B37,KhoiVTM!$C:$C,0)),"@")="",TEXT(INDEX(KhoiVTM!$J:$J,MATCH(B37,KhoiVTM!$C:$C,0)),"@")="—")),EXACT(TEXT(D37,"@"),TEXT(INDEX(KhoiVTM!$J:$J,MATCH(B37,KhoiVTM!$C:$C,0)),"@"))),FALSE())*1)+(IFERROR(OR(AND(OR(E37="—",E37=""),OR(TEXT(INDEX(KhoiVTM!$M:$M,MATCH(B37,KhoiVTM!$C:$C,0)),"@")="",TEXT(INDEX(KhoiVTM!$M:$M,MATCH(B37,KhoiVTM!$C:$C,0)),"@")="—")),EXACT(TEXT(E37,"@"),TEXT(INDEX(KhoiVTM!$M:$M,MATCH(B37,KhoiVTM!$C:$C,0)),"@"))),FALSE())*1)>=3,"Partial","Mismatch"))),"Not Found") -> Partial
A38: =KhoiVTM!A38 -> 37 | B38: =KhoiVTM!C38 -> 1206L050/15YR | C38: =KhoiVTM!D38 -> PTC RESET FUSE 15V 500MA 1206 (input protection) | D38: — | E38: 1206 | F38: =KhoiVTM!F38 -> 10 | G38: 0 | H38: 0 | I38: =F38-H38 -> 10 | J38: =IF(LEFT(C38,3)="RES", "Resistor", IF(LEFT(C38,3)="CAP", "Capacitor", "Other")) -> Other | K38: Done | N38: =IFERROR(IF(ISERROR(MATCH(B38,KhoiVTM!$C:$C,0)),"Not Found",IF((EXACT(C38,IFERROR(INDEX(KhoiVTM!$D:$D,MATCH(B38,KhoiVTM!$C:$C,0)),"__NA__"))*1)+(IFERROR(F38=INDEX(KhoiVTM!$F:$F,MATCH(B38,KhoiVTM!$C:$C,0)),FALSE())*1)+(IFERROR(OR(AND(OR(D38="—",D38=""),OR(TEXT(INDEX(KhoiVTM!$J:$J,MATCH(B38,KhoiVTM!$C:$C,0)),"@")="",TEXT(INDEX(KhoiVTM!$J:$J,MATCH(B38,KhoiVTM!$C:$C,0)),"@")="—")),EXACT(TEXT(D38,"@"),TEXT(INDEX(KhoiVTM!$J:$J,MATCH(B38,KhoiVTM!$C:$C,0)),"@"))),FALSE())*1)+(IFERROR(OR(AND(OR(E38="—",E38=""),OR(TEXT(INDEX(KhoiVTM!$M:$M,MATCH(B38,KhoiVTM!$C:$C,0)),"@")="",TEXT(INDEX(KhoiVTM!$M:$M,MATCH(B38,KhoiVTM!$C:$C,0)),"@")="—")),EXACT(TEXT(E38,"@"),TEXT(INDEX(KhoiVTM!$M:$M,MATCH(B38,KhoiVTM!$C:$C,0)),"@"))),FALSE())*1)=4,"Match",IF((EXACT(C38,IFERROR(INDEX(KhoiVTM!$D:$D,MATCH(B38,KhoiVTM!$C:$C,0)),"__NA__"))*1)+(IFERROR(F38=INDEX(KhoiVTM!$F:$F,MATCH(B38,KhoiVTM!$C:$C,0)),FALSE())*1)+(IFERROR(OR(AND(OR(D38="—",D38=""),OR(TEXT(INDEX(KhoiVTM!$J:$J,MATCH(B38,KhoiVTM!$C:$C,0)),"@")="",TEXT(INDEX(KhoiVTM!$J:$J,MATCH(B38,KhoiVTM!$C:$C,0)),"@")="—")),EXACT(TEXT(D38,"@"),TEXT(INDEX(KhoiVTM!$J:$J,MATCH(B38,KhoiVTM!$C:$C,0)),"@"))),FALSE())*1)+(IFERROR(OR(AND(OR(E38="—",E38=""),OR(TEXT(INDEX(KhoiVTM!$M:$M,MATCH(B38,KhoiVTM!$C:$C,0)),"@")="",TEXT(INDEX(KhoiVTM!$M:$M,MATCH(B38,KhoiVTM!$C:$C,0)),"@")="—")),EXACT(TEXT(E38,"@"),TEXT(INDEX(KhoiVTM!$M:$M,MATCH(B38,KhoiVTM!$C:$C,0)),"@"))),FALSE())*1)>=3,"Partial","Mismatch"))),"Not Found") -> Partial
A39: =KhoiVTM!A39 -> 38 | B39: =KhoiVTM!C39 -> SMF5.0A | C39: =KhoiVTM!D39 -> TVS DIODE 5VWM 9.2VC SOD-123F (5V rail surge/ESD) | D39: — | E39: SOD-123F | F39: =KhoiVTM!F39 -> 10 | G39: 0 | H39: 0 | I39: =F39-H39 -> 10 | J39: =IF(LEFT(C39,3)="RES", "Resistor", IF(LEFT(C39,3)="CAP", "Capacitor", "Other")) -> Other | K39: Done | N39: =IFERROR(IF(ISERROR(MATCH(B39,KhoiVTM!$C:$C,0)),"Not Found",IF((EXACT(C39,IFERROR(INDEX(KhoiVTM!$D:$D,MATCH(B39,KhoiVTM!$C:$C,0)),"__NA__"))*1)+(IFERROR(F39=INDEX(KhoiVTM!$F:$F,MATCH(B39,KhoiVTM!$C:$C,0)),FALSE())*1)+(IFERROR(OR(AND(OR(D39="—",D39=""),OR(TEXT(INDEX(KhoiVTM!$J:$J,MATCH(B39,KhoiVTM!$C:$C,0)),"@")="",TEXT(INDEX(KhoiVTM!$J:$J,MATCH(B39,KhoiVTM!$C:$C,0)),"@")="—")),EXACT(TEXT(D39,"@"),TEXT(INDEX(KhoiVTM!$J:$J,MATCH(B39,KhoiVTM!$C:$C,0)),"@"))),FALSE())*1)+(IFERROR(OR(AND(OR(E39="—",E39=""),OR(TEXT(INDEX(KhoiVTM!$M:$M,MATCH(B39,KhoiVTM!$C:$C,0)),"@")="",TEXT(INDEX(KhoiVTM!$M:$M,MATCH(B39,KhoiVTM!$C:$C,0)),"@")="—")),EXACT(TEXT(E39,"@"),TEXT(INDEX(KhoiVTM!$M:$M,MATCH(B39,KhoiVTM!$C:$C,0)),"@"))),FALSE())*1)=4,"Match",IF((EXACT(C39,IFERROR(INDEX(KhoiVTM!$D:$D,MATCH(B39,KhoiVTM!$C:$C,0)),"__NA__"))*1)+(IFERROR(F39=INDEX(KhoiVTM!$F:$F,MATCH(B39,KhoiVTM!$C:$C,0)),FALSE())*1)+(IFERROR(OR(AND(OR(D39="—",D39=""),OR(TEXT(INDEX(KhoiVTM!$J:$J,MATCH(B39,KhoiVTM!$C:$C,0)),"@")="",TEXT(INDEX(KhoiVTM!$J:$J,MATCH(B39,KhoiVTM!$C:$C,0)),"@")="—")),EXACT(TEXT(D39,"@"),TEXT(INDEX(KhoiVTM!$J:$J,MATCH(B39,KhoiVTM!$C:$C,0)),"@"))),FALSE())*1)+(IFERROR(OR(AND(OR(E39="—",E39=""),OR(TEXT(INDEX(KhoiVTM!$M:$M,MATCH(B39,KhoiVTM!$C:$C,0)),"@")="",TEXT(INDEX(KhoiVTM!$M:$M,MATCH(B39,KhoiVTM!$C:$C,0)),"@")="—")),EXACT(TEXT(E39,"@"),TEXT(INDEX(KhoiVTM!$M:$M,MATCH(B39,KhoiVTM!$C:$C,0)),"@"))),FALSE())*1)>=3,"Partial","Mismatch"))),"Not Found") -> Partial
A40: =KhoiVTM!A40 -> 39 | B40: =KhoiVTM!C40 -> TPD2E2U06QDBZRQ1 | C40: =KhoiVTM!D40 -> TVS DIODE 5.5VWM 12.4VC SOT23-3 | D40: — | E40: — | F40: =KhoiVTM!F40 -> 10 | G40: 0 | H40: 0 | I40: =F40-H40 -> 10 | J40: =IF(LEFT(C40,3)="RES", "Resistor", IF(LEFT(C40,3)="CAP", "Capacitor", "Other")) -> Other | K40: Removed | N40: =IFERROR(IF(ISERROR(MATCH(B40,KhoiVTM!$C:$C,0)),"Not Found",IF((EXACT(C40,IFERROR(INDEX(KhoiVTM!$D:$D,MATCH(B40,KhoiVTM!$C:$C,0)),"__NA__"))*1)+(IFERROR(F40=INDEX(KhoiVTM!$F:$F,MATCH(B40,KhoiVTM!$C:$C,0)),FALSE())*1)+(IFERROR(OR(AND(OR(D40="—",D40=""),OR(TEXT(INDEX(KhoiVTM!$J:$J,MATCH(B40,KhoiVTM!$C:$C,0)),"@")="",TEXT(INDEX(KhoiVTM!$J:$J,MATCH(B40,KhoiVTM!$C:$C,0)),"@")="—")),EXACT(TEXT(D40,"@"),TEXT(INDEX(KhoiVTM!$J:$J,MATCH(B40,KhoiVTM!$C:$C,0)),"@"))),FALSE())*1)+(IFERROR(OR(AND(OR(E40="—",E40=""),OR(TEXT(INDEX(KhoiVTM!$M:$M,MATCH(B40,KhoiVTM!$C:$C,0)),"@")="",TEXT(INDEX(KhoiVTM!$M:$M,MATCH(B40,KhoiVTM!$C:$C,0)),"@")="—")),EXACT(TEXT(E40,"@"),TEXT(INDEX(KhoiVTM!$M:$M,MATCH(B40,KhoiVTM!$C:$C,0)),"@"))),FALSE())*1)=4,"Match",IF((EXACT(C40,IFERROR(INDEX(KhoiVTM!$D:$D,MATCH(B40,KhoiVTM!$C:$C,0)),"__NA__"))*1)+(IFERROR(F40=INDEX(KhoiVTM!$F:$F,MATCH(B40,KhoiVTM!$C:$C,0)),FALSE())*1)+(IFERROR(OR(AND(OR(D40="—",D40=""),OR(TEXT(INDEX(KhoiVTM!$J:$J,MATCH(B40,KhoiVTM!$C:$C,0)),"@")="",TEXT(INDEX(KhoiVTM!$J:$J,MATCH(B40,KhoiVTM!$C:$C,0)),"@")="—")),EXACT(TEXT(D40,"@"),TEXT(INDEX(KhoiVTM!$J:$J,MATCH(B40,KhoiVTM!$C:$C,0)),"@"))),FALSE())*1)+(IFERROR(OR(AND(OR(E40="—",E40=""),OR(TEXT(INDEX(KhoiVTM!$M:$M,MATCH(B40,KhoiVTM!$C:$C,0)),"@")="",TEXT(INDEX(KhoiVTM!$M:$M,MATCH(B40,KhoiVTM!$C:$C,0)),"@")="—")),EXACT(TEXT(E40,"@"),TEXT(INDEX(KhoiVTM!$M:$M,MATCH(B40,KhoiVTM!$C:$C,0)),"@"))),FALSE())*1)>=3,"Partial","Mismatch"))),"Not Found") -> Mismatch
A41: =KhoiVTM!A41 -> 40 | B41: =KhoiVTM!C41 -> SS24 | C41: =KhoiVTM!D41 -> DIODE SCHOTTKY 40V 2A DO214AA | D41: — | E41: — | F41: =KhoiVTM!F41 -> 10 | G41: 0 | H41: 0 | I41: =F41-H41 -> 10 | J41: =IF(LEFT(C41,3)="RES", "Resistor", IF(LEFT(C41,3)="CAP", "Capacitor", "Other")) -> Other | K41: Done | N41: =IFERROR(IF(ISERROR(MATCH(B41,KhoiVTM!$C:$C,0)),"Not Found",IF((EXACT(C41,IFERROR(INDEX(KhoiVTM!$D:$D,MATCH(B41,KhoiVTM!$C:$C,0)),"__NA__"))*1)+(IFERROR(F41=INDEX(KhoiVTM!$F:$F,MATCH(B41,KhoiVTM!$C:$C,0)),FALSE())*1)+(IFERROR(OR(AND(OR(D41="—",D41=""),OR(TEXT(INDEX(KhoiVTM!$J:$J,MATCH(B41,KhoiVTM!$C:$C,0)),"@")="",TEXT(INDEX(KhoiVTM!$J:$J,MATCH(B41,KhoiVTM!$C:$C,0)),"@")="—")),EXACT(TEXT(D41,"@"),TEXT(INDEX(KhoiVTM!$J:$J,MATCH(B41,KhoiVTM!$C:$C,0)),"@"))),FALSE())*1)+(IFERROR(OR(AND(OR(E41="—",E41=""),OR(TEXT(INDEX(KhoiVTM!$M:$M,MATCH(B41,KhoiVTM!$C:$C,0)),"@")="",TEXT(INDEX(KhoiVTM!$M:$M,MATCH(B41,KhoiVTM!$C:$C,0)),"@")="—")),EXACT(TEXT(E41,"@"),TEXT(INDEX(KhoiVTM!$M:$M,MATCH(B41,KhoiVTM!$C:$C,0)),"@"))),FALSE())*1)=4,"Match",IF((EXACT(C41,IFERROR(INDEX(KhoiVTM!$D:$D,MATCH(B41,KhoiVTM!$C:$C,0)),"__NA__"))*1)+(IFERROR(F41=INDEX(KhoiVTM!$F:$F,MATCH(B41,KhoiVTM!$C:$C,0)),FALSE())*1)+(IFERROR(OR(AND(OR(D41="—",D41=""),OR(TEXT(INDEX(KhoiVTM!$J:$J,MATCH(B41,KhoiVTM!$C:$C,0)),"@")="",TEXT(INDEX(KhoiVTM!$J:$J,MATCH(B41,KhoiVTM!$C:$C,0)),"@")="—")),EXACT(TEXT(D41,"@"),TEXT(INDEX(KhoiVTM!$J:$J,MATCH(B41,KhoiVTM!$C:$C,0)),"@"))),FALSE())*1)+(IFERROR(OR(AND(OR(E41="—",E41=""),OR(TEXT(INDEX(KhoiVTM!$M:$M,MATCH(B41,KhoiVTM!$C:$C,0)),"@")="",TEXT(INDEX(KhoiVTM!$M:$M,MATCH(B41,KhoiVTM!$C:$C,0)),"@")="—")),EXACT(TEXT(E41,"@"),TEXT(INDEX(KhoiVTM!$M:$M,MATCH(B41,KhoiVTM!$C:$C,0)),"@"))),FALSE())*1)>=3,"Partial","Mismatch"))),"Not Found") -> Mismatch
A42: =KhoiVTM!A42 -> 41 | B42: =KhoiVTM!C42 -> GRM32ER71E226KE15L | C42: =KhoiVTM!D42 -> CAP CER 22UF 25V X7R 1210 | D42: 22U | E42: =RIGHT(TRIM(C42), 4) -> 1210 | F42: =KhoiVTM!F42 -> 10 | G42: 0 | H42: 0 | I42: =F42-H42 -> 10 | J42: =IF(LEFT(C42,3)="RES", "Resistor", IF(LEFT(C42,3)="CAP", "Capacitor", "Other")) -> Capacitor | K42: Done | N42: =IFERROR(IF(ISERROR(MATCH(B42,KhoiVTM!$C:$C,0)),"Not Found",IF((EXACT(C42,IFERROR(INDEX(KhoiVTM!$D:$D,MATCH(B42,KhoiVTM!$C:$C,0)),"__NA__"))*1)+(IFERROR(F42=INDEX(KhoiVTM!$F:$F,MATCH(B42,KhoiVTM!$C:$C,0)),FALSE())*1)+(IFERROR(OR(AND(OR(D42="—",D42=""),OR(TEXT(INDEX(KhoiVTM!$J:$J,MATCH(B42,KhoiVTM!$C:$C,0)),"@")="",TEXT(INDEX(KhoiVTM!$J:$J,MATCH(B42,KhoiVTM!$C:$C,0)),"@")="—")),EXACT(TEXT(D42,"@"),TEXT(INDEX(KhoiVTM!$J:$J,MATCH(B42,KhoiVTM!$C:$C,0)),"@"))),FALSE())*1)+(IFERROR(OR(AND(OR(E42="—",E42=""),OR(TEXT(INDEX(KhoiVTM!$M:$M,MATCH(B42,KhoiVTM!$C:$C,0)),"@")="",TEXT(INDEX(KhoiVTM!$M:$M,MATCH(B42,KhoiVTM!$C:$C,0)),"@")="—")),EXACT(TEXT(E42,"@"),TEXT(INDEX(KhoiVTM!$M:$M,MATCH(B42,KhoiVTM!$C:$C,0)),"@"))),FALSE())*1)=4,"Match",IF((EXACT(C42,IFERROR(INDEX(KhoiVTM!$D:$D,MATCH(B42,KhoiVTM!$C:$C,0)),"__NA__"))*1)+(IFERROR(F42=INDEX(KhoiVTM!$F:$F,MATCH(B42,KhoiVTM!$C:$C,0)),FALSE())*1)+(IFERROR(OR(AND(OR(D42="—",D42=""),OR(TEXT(INDEX(KhoiVTM!$J:$J,MATCH(B42,KhoiVTM!$C:$C,0)),"@")="",TEXT(INDEX(KhoiVTM!$J:$J,MATCH(B42,KhoiVTM!$C:$C,0)),"@")="—")),EXACT(TEXT(D42,"@"),TEXT(INDEX(KhoiVTM!$J:$J,MATCH(B42,KhoiVTM!$C:$C,0)),"@"))),FALSE())*1)+(IFERROR(OR(AND(OR(E42="—",E42=""),OR(TEXT(INDEX(KhoiVTM!$M:$M,MATCH(B42,KhoiVTM!$C:$C,0)),"@")="",TEXT(INDEX(KhoiVTM!$M:$M,MATCH(B42,KhoiVTM!$C:$C,0)),"@")="—")),EXACT(TEXT(E42,"@"),TEXT(INDEX(KhoiVTM!$M:$M,MATCH(B42,KhoiVTM!$C:$C,0)),"@"))),FALSE())*1)>=3,"Partial","Mismatch"))),"Not Found") -> Match
A43: =KhoiVTM!A43 -> 42 | B43: =KhoiVTM!C43 -> GRM155R71H104KE14D | C43: =KhoiVTM!D43 -> CAP CER 0.1UF 50V X7R 0402 | D43: 0.1U | E43: =RIGHT(TRIM(C43), 4) -> 0402 | F43: =KhoiVTM!F43 -> 30 | G43: 0 | H43: 0 | I43: =F43-H43 -> 30 | J43: =IF(LEFT(C43,3)="RES", "Resistor", IF(LEFT(C43,3)="CAP", "Capacitor", "Other")) -> Capacitor | K43: Done | N43: =IFERROR(IF(ISERROR(MATCH(B43,KhoiVTM!$C:$C,0)),"Not Found",IF((EXACT(C43,IFERROR(INDEX(KhoiVTM!$D:$D,MATCH(B43,KhoiVTM!$C:$C,0)),"__NA__"))*1)+(IFERROR(F43=INDEX(KhoiVTM!$F:$F,MATCH(B43,KhoiVTM!$C:$C,0)),FALSE())*1)+(IFERROR(OR(AND(OR(D43="—",D43=""),OR(TEXT(INDEX(KhoiVTM!$J:$J,MATCH(B43,KhoiVTM!$C:$C,0)),"@")="",TEXT(INDEX(KhoiVTM!$J:$J,MATCH(B43,KhoiVTM!$C:$C,0)),"@")="—")),EXACT(TEXT(D43,"@"),TEXT(INDEX(KhoiVTM!$J:$J,MATCH(B43,KhoiVTM!$C:$C,0)),"@"))),FALSE())*1)+(IFERROR(OR(AND(OR(E43="—",E43=""),OR(TEXT(INDEX(KhoiVTM!$M:$M,MATCH(B43,KhoiVTM!$C:$C,0)),"@")="",TEXT(INDEX(KhoiVTM!$M:$M,MATCH(B43,KhoiVTM!$C:$C,0)),"@")="—")),EXACT(TEXT(E43,"@"),TEXT(INDEX(KhoiVTM!$M:$M,MATCH(B43,KhoiVTM!$C:$C,0)),"@"))),FALSE())*1)=4,"Match",IF((EXACT(C43,IFERROR(INDEX(KhoiVTM!$D:$D,MATCH(B43,KhoiVTM!$C:$C,0)),"__NA__"))*1)+(IFERROR(F43=INDEX(KhoiVTM!$F:$F,MATCH(B43,KhoiVTM!$C:$C,0)),FALSE())*1)+(IFERROR(OR(AND(OR(D43="—",D43=""),OR(TEXT(INDEX(KhoiVTM!$J:$J,MATCH(B43,KhoiVTM!$C:$C,0)),"@")="",TEXT(INDEX(KhoiVTM!$J:$J,MATCH(B43,KhoiVTM!$C:$C,0)),"@")="—")),EXACT(TEXT(D43,"@"),TEXT(INDEX(KhoiVTM!$J:$J,MATCH(B43,KhoiVTM!$C:$C,0)),"@"))),FALSE())*1)+(IFERROR(OR(AND(OR(E43="—",E43=""),OR(TEXT(INDEX(KhoiVTM!$M:$M,MATCH(B43,KhoiVTM!$C:$C,0)),"@")="",TEXT(INDEX(KhoiVTM!$M:$M,MATCH(B43,KhoiVTM!$C:$C,0)),"@")="—")),EXACT(TEXT(E43,"@"),TEXT(INDEX(KhoiVTM!$M:$M,MATCH(B43,KhoiVTM!$C:$C,0)),"@"))),FALSE())*1)>=3,"Partial","Mismatch"))),"Not Found") -> Mismatch
A44: =KhoiVTM!A44 -> 43 | B44: =KhoiVTM!C44 -> ADP5070AREZ | C44: =KhoiVTM!D44 -> IC REG BST SEPIC ADJ DL 20TSSOP | D44: — | E44: — | F44: =KhoiVTM!F44 -> 4 | G44: 0 | H44: 0 | I44: =F44-H44 -> 4 | J44: =IF(LEFT(C44,3)="RES", "Resistor", IF(LEFT(C44,3)="CAP", "Capacitor", "Other")) -> Other | K44: Done | N44: =IFERROR(IF(ISERROR(MATCH(B44,KhoiVTM!$C:$C,0)),"Not Found",IF((EXACT(C44,IFERROR(INDEX(KhoiVTM!$D:$D,MATCH(B44,KhoiVTM!$C:$C,0)),"__NA__"))*1)+(IFERROR(F44=INDEX(KhoiVTM!$F:$F,MATCH(B44,KhoiVTM!$C:$C,0)),FALSE())*1)+(IFERROR(OR(AND(OR(D44="—",D44=""),OR(TEXT(INDEX(KhoiVTM!$J:$J,MATCH(B44,KhoiVTM!$C:$C,0)),"@")="",TEXT(INDEX(KhoiVTM!$J:$J,MATCH(B44,KhoiVTM!$C:$C,0)),"@")="—")),EXACT(TEXT(D44,"@"),TEXT(INDEX(KhoiVTM!$J:$J,MATCH(B44,KhoiVTM!$C:$C,0)),"@"))),FALSE())*1)+(IFERROR(OR(AND(OR(E44="—",E44=""),OR(TEXT(INDEX(KhoiVTM!$M:$M,MATCH(B44,KhoiVTM!$C:$C,0)),"@")="",TEXT(INDEX(KhoiVTM!$M:$M,MATCH(B44,KhoiVTM!$C:$C,0)),"@")="—")),EXACT(TEXT(E44,"@"),TEXT(INDEX(KhoiVTM!$M:$M,MATCH(B44,KhoiVTM!$C:$C,0)),"@"))),FALSE())*1)=4,"Match",IF((EXACT(C44,IFERROR(INDEX(KhoiVTM!$D:$D,MATCH(B44,KhoiVTM!$C:$C,0)),"__NA__"))*1)+(IFERROR(F44=INDEX(KhoiVTM!$F:$F,MATCH(B44,KhoiVTM!$C:$C,0)),FALSE())*1)+(IFERROR(OR(AND(OR(D44="—",D44=""),OR(TEXT(INDEX(KhoiVTM!$J:$J,MATCH(B44,KhoiVTM!$C:$C,0)),"@")="",TEXT(INDEX(KhoiVTM!$J:$J,MATCH(B44,KhoiVTM!$C:$C,0)),"@")="—")),EXACT(TEXT(D44,"@"),TEXT(INDEX(KhoiVTM!$J:$J,MATCH(B44,KhoiVTM!$C:$C,0)),"@"))),FALSE())*1)+(IFERROR(OR(AND(OR(E44="—",E44=""),OR(TEXT(INDEX(KhoiVTM!$M:$M,MATCH(B44,KhoiVTM!$C:$C,0)),"@")="",TEXT(INDEX(KhoiVTM!$M:$M,MATCH(B44,KhoiVTM!$C:$C,0)),"@")="—")),EXACT(TEXT(E44,"@"),TEXT(INDEX(KhoiVTM!$M:$M,MATCH(B44,KhoiVTM!$C:$C,0)),"@"))),FALSE())*1)>=3,"Partial","Mismatch"))),"Not Found") -> Mismatch
A45: =KhoiVTM!A45 -> 44 | B45: =KhoiVTM!C45 -> DFLS240-7 | C45: =KhoiVTM!D45 -> DIODE SCHOTTK 40V 2A POWERDI 123 | D45: — | E45: — | F45: =KhoiVTM!F45 -> 30 | G45: 0 | H45: 0 | I45: =F45-H45 -> 30 | J45: =IF(LEFT(C45,3)="RES", "Resistor", IF(LEFT(C45,3)="CAP", "Capacitor", "Other")) -> Other | K45: Done | N45: =IFERROR(IF(ISERROR(MATCH(B45,KhoiVTM!$C:$C,0)),"Not Found",IF((EXACT(C45,IFERROR(INDEX(KhoiVTM!$D:$D,MATCH(B45,KhoiVTM!$C:$C,0)),"__NA__"))*1)+(IFERROR(F45=INDEX(KhoiVTM!$F:$F,MATCH(B45,KhoiVTM!$C:$C,0)),FALSE())*1)+(IFERROR(OR(AND(OR(D45="—",D45=""),OR(TEXT(INDEX(KhoiVTM!$J:$J,MATCH(B45,KhoiVTM!$C:$C,0)),"@")="",TEXT(INDEX(KhoiVTM!$J:$J,MATCH(B45,KhoiVTM!$C:$C,0)),"@")="—")),EXACT(TEXT(D45,"@"),TEXT(INDEX(KhoiVTM!$J:$J,MATCH(B45,KhoiVTM!$C:$C,0)),"@"))),FALSE())*1)+(IFERROR(OR(AND(OR(E45="—",E45=""),OR(TEXT(INDEX(KhoiVTM!$M:$M,MATCH(B45,KhoiVTM!$C:$C,0)),"@")="",TEXT(INDEX(KhoiVTM!$M:$M,MATCH(B45,KhoiVTM!$C:$C,0)),"@")="—")),EXACT(TEXT(E45,"@"),TEXT(INDEX(KhoiVTM!$M:$M,MATCH(B45,KhoiVTM!$C:$C,0)),"@"))),FALSE())*1)=4,"Match",IF((EXACT(C45,IFERROR(INDEX(KhoiVTM!$D:$D,MATCH(B45,KhoiVTM!$C:$C,0)),"__NA__"))*1)+(IFERROR(F45=INDEX(KhoiVTM!$F:$F,MATCH(B45,KhoiVTM!$C:$C,0)),FALSE())*1)+(IFERROR(OR(AND(OR(D45="—",D45=""),OR(TEXT(INDEX(KhoiVTM!$J:$J,MATCH(B45,KhoiVTM!$C:$C,0)),"@")="",TEXT(INDEX(KhoiVTM!$J:$J,MATCH(B45,KhoiVTM!$C:$C,0)),"@")="—")),EXACT(TEXT(D45,"@"),TEXT(INDEX(KhoiVTM!$J:$J,MATCH(B45,KhoiVTM!$C:$C,0)),"@"))),FALSE())*1)+(IFERROR(OR(AND(OR(E45="—",E45=""),OR(TEXT(INDEX(KhoiVTM!$M:$M,MATCH(B45,KhoiVTM!$C:$C,0)),"@")="",TEXT(INDEX(KhoiVTM!$M:$M,MATCH(B45,KhoiVTM!$C:$C,0)),"@")="—")),EXACT(TEXT(E45,"@"),TEXT(INDEX(KhoiVTM!$M:$M,MATCH(B45,KhoiVTM!$C:$C,0)),"@"))),FALSE())*1)>=3,"Partial","Mismatch"))),"Not Found") -> Mismatch
A46: =KhoiVTM!A46 -> 45 | B46: =KhoiVTM!C46 -> CPF0603B604KE1 | C46: =KhoiVTM!D46 -> RES 604 KOHM 0.1% 1/16W 0603 | D46: 604 | E46: =RIGHT(TRIM(C46), 4) -> 0603 | F46: =KhoiVTM!F46 -> 30 | G46: 0 | H46: 0 | I46: =F46-H46 -> 30 | J46: =IF(LEFT(C46,3)="RES", "Resistor", IF(LEFT(C46,3)="CAP", "Capacitor", "Other")) -> Resistor | K46: Done | N46: =IFERROR(IF(ISERROR(MATCH(B46,KhoiVTM!$C:$C,0)),"Not Found",IF((EXACT(C46,IFERROR(INDEX(KhoiVTM!$D:$D,MATCH(B46,KhoiVTM!$C:$C,0)),"__NA__"))*1)+(IFERROR(F46=INDEX(KhoiVTM!$F:$F,MATCH(B46,KhoiVTM!$C:$C,0)),FALSE())*1)+(IFERROR(OR(AND(OR(D46="—",D46=""),OR(TEXT(INDEX(KhoiVTM!$J:$J,MATCH(B46,KhoiVTM!$C:$C,0)),"@")="",TEXT(INDEX(KhoiVTM!$J:$J,MATCH(B46,KhoiVTM!$C:$C,0)),"@")="—")),EXACT(TEXT(D46,"@"),TEXT(INDEX(KhoiVTM!$J:$J,MATCH(B46,KhoiVTM!$C:$C,0)),"@"))),FALSE())*1)+(IFERROR(OR(AND(OR(E46="—",E46=""),OR(TEXT(INDEX(KhoiVTM!$M:$M,MATCH(B46,KhoiVTM!$C:$C,0)),"@")="",TEXT(INDEX(KhoiVTM!$M:$M,MATCH(B46,KhoiVTM!$C:$C,0)),"@")="—")),EXACT(TEXT(E46,"@"),TEXT(INDEX(KhoiVTM!$M:$M,MATCH(B46,KhoiVTM!$C:$C,0)),"@"))),FALSE())*1)=4,"Match",IF((EXACT(C46,IFERROR(INDEX(KhoiVTM!$D:$D,MATCH(B46,KhoiVTM!$C:$C,0)),"__NA__"))*1)+(IFERROR(F46=INDEX(KhoiVTM!$F:$F,MATCH(B46,KhoiVTM!$C:$C,0)),FALSE())*1)+(IFERROR(OR(AND(OR(D46="—",D46=""),OR(TEXT(INDEX(KhoiVTM!$J:$J,MATCH(B46,KhoiVTM!$C:$C,0)),"@")="",TEXT(INDEX(KhoiVTM!$J:$J,MATCH(B46,KhoiVTM!$C:$C,0)),"@")="—")),EXACT(TEXT(D46,"@"),TEXT(INDEX(KhoiVTM!$J:$J,MATCH(B46,KhoiVTM!$C:$C,0)),"@"))),FALSE())*1)+(IFERROR(OR(AND(OR(E46="—",E46=""),OR(TEXT(INDEX(KhoiVTM!$M:$M,MATCH(B46,KhoiVTM!$C:$C,0)),"@")="",TEXT(INDEX(KhoiVTM!$M:$M,MATCH(B46,KhoiVTM!$C:$C,0)),"@")="—")),EXACT(TEXT(E46,"@"),TEXT(INDEX(KhoiVTM!$M:$M,MATCH(B46,KhoiVTM!$C:$C,0)),"@"))),FALSE())*1)>=3,"Partial","Mismatch"))),"Not Found") -> Match
A47: =KhoiVTM!A47 -> 46 | B47: =KhoiVTM!C47 -> RC0603FR-07100KL | C47: =KhoiVTM!D47 -> RES 100K OHM 1% 1/10W 0603 | D47: 100K | E47: =RIGHT(TRIM(C47), 4) -> 0603 | F47: =KhoiVTM!F47 -> 30 | G47: 0 | H47: 0 | I47: =F47-H47 -> 30 | J47: =IF(LEFT(C47,3)="RES", "Resistor", IF(LEFT(C47,3)="CAP", "Capacitor", "Other")) -> Resistor | K47: Done | N47: =IFERROR(IF(ISERROR(MATCH(B47,KhoiVTM!$C:$C,0)),"Not Found",IF((EXACT(C47,IFERROR(INDEX(KhoiVTM!$D:$D,MATCH(B47,KhoiVTM!$C:$C,0)),"__NA__"))*1)+(IFERROR(F47=INDEX(KhoiVTM!$F:$F,MATCH(B47,KhoiVTM!$C:$C,0)),FALSE())*1)+(IFERROR(OR(AND(OR(D47="—",D47=""),OR(TEXT(INDEX(KhoiVTM!$J:$J,MATCH(B47,KhoiVTM!$C:$C,0)),"@")="",TEXT(INDEX(KhoiVTM!$J:$J,MATCH(B47,KhoiVTM!$C:$C,0)),"@")="—")),EXACT(TEXT(D47,"@"),TEXT(INDEX(KhoiVTM!$J:$J,MATCH(B47,KhoiVTM!$C:$C,0)),"@"))),FALSE())*1)+(IFERROR(OR(AND(OR(E47="—",E47=""),OR(TEXT(INDEX(KhoiVTM!$M:$M,MATCH(B47,KhoiVTM!$C:$C,0)),"@")="",TEXT(INDEX(KhoiVTM!$M:$M,MATCH(B47,KhoiVTM!$C:$C,0)),"@")="—")),EXACT(TEXT(E47,"@"),TEXT(INDEX(KhoiVTM!$M:$M,MATCH(B47,KhoiVTM!$C:$C,0)),"@"))),FALSE())*1)=4,"Match",IF((EXACT(C47,IFERROR(INDEX(KhoiVTM!$D:$D,MATCH(B47,KhoiVTM!$C:$C,0)),"__NA__"))*1)+(IFERROR(F47=INDEX(KhoiVTM!$F:$F,MATCH(B47,KhoiVTM!$C:$C,0)),FALSE())*1)+(IFERROR(OR(AND(OR(D47="—",D47=""),OR(TEXT(INDEX(KhoiVTM!$J:$J,MATCH(B47,KhoiVTM!$C:$C,0)),"@")="",TEXT(INDEX(KhoiVTM!$J:$J,MATCH(B47,KhoiVTM!$C:$C,0)),"@")="—")),EXACT(TEXT(D47,"@"),TEXT(INDEX(KhoiVTM!$J:$J,MATCH(B47,KhoiVTM!$C:$C,0)),"@"))),FALSE())*1)+(IFERROR(OR(AND(OR(E47="—",E47=""),OR(TEXT(INDEX(KhoiVTM!$M:$M,MATCH(B47,KhoiVTM!$C:$C,0)),"@")="",TEXT(INDEX(KhoiVTM!$M:$M,MATCH(B47,KhoiVTM!$C:$C,0)),"@")="—")),EXACT(TEXT(E47,"@"),TEXT(INDEX(KhoiVTM!$M:$M,MATCH(B47,KhoiVTM!$C:$C,0)),"@"))),FALSE())*1)>=3,"Partial","Mismatch"))),"Not Found") -> Match
A48: =KhoiVTM!A48 -> 47 | B48: =KhoiVTM!C48 -> RC0603FR-07649KL | C48: =KhoiVTM!D48 -> RES 649K OHM 1% 1/10W 0603 | D48: 649K | E48: =RIGHT(TRIM(C48), 4) -> 0603 | F48: =KhoiVTM!F48 -> 30 | G48: 0 | H48: 0 | I48: =F48-H48 -> 30 | J48: =IF(LEFT(C48,3)="RES", "Resistor", IF(LEFT(C48,3)="CAP", "Capacitor", "Other")) -> Resistor | K48: Done | N48: =IFERROR(IF(ISERROR(MATCH(B48,KhoiVTM!$C:$C,0)),"Not Found",IF((EXACT(C48,IFERROR(INDEX(KhoiVTM!$D:$D,MATCH(B48,KhoiVTM!$C:$C,0)),"__NA__"))*1)+(IFERROR(F48=INDEX(KhoiVTM!$F:$F,MATCH(B48,KhoiVTM!$C:$C,0)),FALSE())*1)+(IFERROR(OR(AND(OR(D48="—",D48=""),OR(TEXT(INDEX(KhoiVTM!$J:$J,MATCH(B48,KhoiVTM!$C:$C,0)),"@")="",TEXT(INDEX(KhoiVTM!$J:$J,MATCH(B48,KhoiVTM!$C:$C,0)),"@")="—")),EXACT(TEXT(D48,"@"),TEXT(INDEX(KhoiVTM!$J:$J,MATCH(B48,KhoiVTM!$C:$C,0)),"@"))),FALSE())*1)+(IFERROR(OR(AND(OR(E48="—",E48=""),OR(TEXT(INDEX(KhoiVTM!$M:$M,MATCH(B48,KhoiVTM!$C:$C,0)),"@")="",TEXT(INDEX(KhoiVTM!$M:$M,MATCH(B48,KhoiVTM!$C:$C,0)),"@")="—")),EXACT(TEXT(E48,"@"),TEXT(INDEX(KhoiVTM!$M:$M,MATCH(B48,KhoiVTM!$C:$C,0)),"@"))),FALSE())*1)=4,"Match",IF((EXACT(C48,IFERROR(INDEX(KhoiVTM!$D:$D,MATCH(B48,KhoiVTM!$C:$C,0)),"__NA__"))*1)+(IFERROR(F48=INDEX(KhoiVTM!$F:$F,MATCH(B48,KhoiVTM!$C:$C,0)),FALSE())*1)+(IFERROR(OR(AND(OR(D48="—",D48=""),OR(TEXT(INDEX(KhoiVTM!$J:$J,MATCH(B48,KhoiVTM!$C:$C,0)),"@")="",TEXT(INDEX(KhoiVTM!$J:$J,MATCH(B48,KhoiVTM!$C:$C,0)),"@")="—")),EXACT(TEXT(D48,"@"),TEXT(INDEX(KhoiVTM!$J:$J,MATCH(B48,KhoiVTM!$C:$C,0)),"@"))),FALSE())*1)+(IFERROR(OR(AND(OR(E48="—",E48=""),OR(TEXT(INDEX(KhoiVTM!$M:$M,MATCH(B48,KhoiVTM!$C:$C,0)),"@")="",TEXT(INDEX(KhoiVTM!$M:$M,MATCH(B48,KhoiVTM!$C:$C,0)),"@")="—")),EXACT(TEXT(E48,"@"),TEXT(INDEX(KhoiVTM!$M:$M,MATCH(B48,KhoiVTM!$C:$C,0)),"@"))),FALSE())*1)>=3,"Partial","Mismatch"))),"Not Found") -> Match
A49: =KhoiVTM!A49 -> 48 | B49: =KhoiVTM!C49 -> GRM21BR61C106KE15L | C49: =KhoiVTM!D49 -> CAP CER 10UF 16V X5R 0805 | D49: 10U | E49: =RIGHT(TRIM(C49), 4) -> 0805 | F49: =KhoiVTM!F49 -> 30 | G49: 19 | H49: 0 | I49: =F49-H49 -> 30 | J49: =IF(LEFT(C49,3)="RES", "Resistor", IF(LEFT(C49,3)="CAP", "Capacitor", "Other")) -> Capacitor | K49: Done | N49: =IFERROR(IF(ISERROR(MATCH(B49,KhoiVTM!$C:$C,0)),"Not Found",IF((EXACT(C49,IFERROR(INDEX(KhoiVTM!$D:$D,MATCH(B49,KhoiVTM!$C:$C,0)),"__NA__"))*1)+(IFERROR(F49=INDEX(KhoiVTM!$F:$F,MATCH(B49,KhoiVTM!$C:$C,0)),FALSE())*1)+(IFERROR(OR(AND(OR(D49="—",D49=""),OR(TEXT(INDEX(KhoiVTM!$J:$J,MATCH(B49,KhoiVTM!$C:$C,0)),"@")="",TEXT(INDEX(KhoiVTM!$J:$J,MATCH(B49,KhoiVTM!$C:$C,0)),"@")="—")),EXACT(TEXT(D49,"@"),TEXT(INDEX(KhoiVTM!$J:$J,MATCH(B49,KhoiVTM!$C:$C,0)),"@"))),FALSE())*1)+(IFERROR(OR(AND(OR(E49="—",E49=""),OR(TEXT(INDEX(KhoiVTM!$M:$M,MATCH(B49,KhoiVTM!$C:$C,0)),"@")="",TEXT(INDEX(KhoiVTM!$M:$M,MATCH(B49,KhoiVTM!$C:$C,0)),"@")="—")),EXACT(TEXT(E49,"@"),TEXT(INDEX(KhoiVTM!$M:$M,MATCH(B49,KhoiVTM!$C:$C,0)),"@"))),FALSE())*1)=4,"Match",IF((EXACT(C49,IFERROR(INDEX(KhoiVTM!$D:$D,MATCH(B49,KhoiVTM!$C:$C,0)),"__NA__"))*1)+(IFERROR(F49=INDEX(KhoiVTM!$F:$F,MATCH(B49,KhoiVTM!$C:$C,0)),FALSE())*1)+(IFERROR(OR(AND(OR(D49="—",D49=""),OR(TEXT(INDEX(KhoiVTM!$J:$J,MATCH(B49,KhoiVTM!$C:$C,0)),"@")="",TEXT(INDEX(KhoiVTM!$J:$J,MATCH(B49,KhoiVTM!$C:$C,0)),"@")="—")),EXACT(TEXT(D49,"@"),TEXT(INDEX(KhoiVTM!$J:$J,MATCH(B49,KhoiVTM!$C:$C,0)),"@"))),FALSE())*1)+(IFERROR(OR(AND(OR(E49="—",E49=""),OR(TEXT(INDEX(KhoiVTM!$M:$M,MATCH(B49,KhoiVTM!$C:$C,0)),"@")="",TEXT(INDEX(KhoiVTM!$M:$M,MATCH(B49,KhoiVTM!$C:$C,0)),"@")="—")),EXACT(TEXT(E49,"@"),TEXT(INDEX(KhoiVTM!$M:$M,MATCH(B49,KhoiVTM!$C:$C,0)),"@"))),FALSE())*1)>=3,"Partial","Mismatch"))),"Not Found") -> Match
A50: =KhoiVTM!A50 -> 49 | B50: =KhoiVTM!C50 -> RC0603FR-0712KL | C50: =KhoiVTM!D50 -> RES 12K OHM 1% 1/10W 0603 | D50: 12K | E50: =RIGHT(TRIM(C50), 4) -> 0603 | F50: =KhoiVTM!F50 -> 30 | G50: 0 | H50: 0 | I50: =F50-H50 -> 30 | J50: =IF(LEFT(C50,3)="RES", "Resistor", IF(LEFT(C50,3)="CAP", "Capacitor", "Other")) -> Resistor | K50: Done | N50: =IFERROR(IF(ISERROR(MATCH(B50,KhoiVTM!$C:$C,0)),"Not Found",IF((EXACT(C50,IFERROR(INDEX(KhoiVTM!$D:$D,MATCH(B50,KhoiVTM!$C:$C,0)),"__NA__"))*1)+(IFERROR(F50=INDEX(KhoiVTM!$F:$F,MATCH(B50,KhoiVTM!$C:$C,0)),FALSE())*1)+(IFERROR(OR(AND(OR(D50="—",D50=""),OR(TEXT(INDEX(KhoiVTM!$J:$J,MATCH(B50,KhoiVTM!$C:$C,0)),"@")="",TEXT(INDEX(KhoiVTM!$J:$J,MATCH(B50,KhoiVTM!$C:$C,0)),"@")="—")),EXACT(TEXT(D50,"@"),TEXT(INDEX(KhoiVTM!$J:$J,MATCH(B50,KhoiVTM!$C:$C,0)),"@"))),FALSE())*1)+(IFERROR(OR(AND(OR(E50="—",E50=""),OR(TEXT(INDEX(KhoiVTM!$M:$M,MATCH(B50,KhoiVTM!$C:$C,0)),"@")="",TEXT(INDEX(KhoiVTM!$M:$M,MATCH(B50,KhoiVTM!$C:$C,0)),"@")="—")),EXACT(TEXT(E50,"@"),TEXT(INDEX(KhoiVTM!$M:$M,MATCH(B50,KhoiVTM!$C:$C,0)),"@"))),FALSE())*1)=4,"Match",IF((EXACT(C50,IFERROR(INDEX(KhoiVTM!$D:$D,MATCH(B50,KhoiVTM!$C:$C,0)),"__NA__"))*1)+(IFERROR(F50=INDEX(KhoiVTM!$F:$F,MATCH(B50,KhoiVTM!$C:$C,0)),FALSE())*1)+(IFERROR(OR(AND(OR(D50="—",D50=""),OR(TEXT(INDEX(KhoiVTM!$J:$J,MATCH(B50,KhoiVTM!$C:$C,0)),"@")="",TEXT(INDEX(KhoiVTM!$J:$J,MATCH(B50,KhoiVTM!$C:$C,0)),"@")="—")),EXACT(TEXT(D50,"@"),TEXT(INDEX(KhoiVTM!$J:$J,MATCH(B50,KhoiVTM!$C:$C,0)),"@"))),FALSE())*1)+(IFERROR(OR(AND(OR(E50="—",E50=""),OR(TEXT(INDEX(KhoiVTM!$M:$M,MATCH(B50,KhoiVTM!$C:$C,0)),"@")="",TEXT(INDEX(KhoiVTM!$M:$M,MATCH(B50,KhoiVTM!$C:$C,0)),"@")="—")),EXACT(TEXT(E50,"@"),TEXT(INDEX(KhoiVTM!$M:$M,MATCH(B50,KhoiVTM!$C:$C,0)),"@"))),FALSE())*1)>=3,"Partial","Mismatch"))),"Not Found") -> Match
A51: =KhoiVTM!A51 -> 50 | B51: =KhoiVTM!C51 -> GCJ188R71H473KA12D | C51: =KhoiVTM!D51 -> CAP CER 0.047UF 50V X7R 0603 | D51: 0.047U | E51: =RIGHT(TRIM(C51), 4) -> 0603 | F51: =KhoiVTM!F51 -> 30 | G51: 0 | H51: 0 | I51: =F51-H51 -> 30 | J51: =IF(LEFT(C51,3)="RES", "Resistor", IF(LEFT(C51,3)="CAP", "Capacitor", "Other")) -> Capacitor | K51: Done | N51: =IFERROR(IF(ISERROR(MATCH(B51,KhoiVTM!$C:$C,0)),"Not Found",IF((EXACT(C51,IFERROR(INDEX(KhoiVTM!$D:$D,MATCH(B51,KhoiVTM!$C:$C,0)),"__NA__"))*1)+(IFERROR(F51=INDEX(KhoiVTM!$F:$F,MATCH(B51,KhoiVTM!$C:$C,0)),FALSE())*1)+(IFERROR(OR(AND(OR(D51="—",D51=""),OR(TEXT(INDEX(KhoiVTM!$J:$J,MATCH(B51,KhoiVTM!$C:$C,0)),"@")="",TEXT(INDEX(KhoiVTM!$J:$J,MATCH(B51,KhoiVTM!$C:$C,0)),"@")="—")),EXACT(TEXT(D51,"@"),TEXT(INDEX(KhoiVTM!$J:$J,MATCH(B51,KhoiVTM!$C:$C,0)),"@"))),FALSE())*1)+(IFERROR(OR(AND(OR(E51="—",E51=""),OR(TEXT(INDEX(KhoiVTM!$M:$M,MATCH(B51,KhoiVTM!$C:$C,0)),"@")="",TEXT(INDEX(KhoiVTM!$M:$M,MATCH(B51,KhoiVTM!$C:$C,0)),"@")="—")),EXACT(TEXT(E51,"@"),TEXT(INDEX(KhoiVTM!$M:$M,MATCH(B51,KhoiVTM!$C:$C,0)),"@"))),FALSE())*1)=4,"Match",IF((EXACT(C51,IFERROR(INDEX(KhoiVTM!$D:$D,MATCH(B51,KhoiVTM!$C:$C,0)),"__NA__"))*1)+(IFERROR(F51=INDEX(KhoiVTM!$F:$F,MATCH(B51,KhoiVTM!$C:$C,0)),FALSE())*1)+(IFERROR(OR(AND(OR(D51="—",D51=""),OR(TEXT(INDEX(KhoiVTM!$J:$J,MATCH(B51,KhoiVTM!$C:$C,0)),"@")="",TEXT(INDEX(KhoiVTM!$J:$J,MATCH(B51,KhoiVTM!$C:$C,0)),"@")="—")),EXACT(TEXT(D51,"@"),TEXT(INDEX(KhoiVTM!$J:$J,MATCH(B51,KhoiVTM!$C:$C,0)),"@"))),FALSE())*1)+(IFERROR(OR(AND(OR(E51="—",E51=""),OR(TEXT(INDEX(KhoiVTM!$M:$M,MATCH(B51,KhoiVTM!$C:$C,0)),"@")="",TEXT(INDEX(KhoiVTM!$M:$M,MATCH(B51,KhoiVTM!$C:$C,0)),"@")="—")),EXACT(TEXT(E51,"@"),TEXT(INDEX(KhoiVTM!$M:$M,MATCH(B51,KhoiVTM!$C:$C,0)),"@"))),FALSE())*1)>=3,"Partial","Mismatch"))),"Not Found") -> Match
A52: =KhoiVTM!A52 -> 51 | B52: =KhoiVTM!C52 -> RC0603FR-0715KL | C52: =KhoiVTM!D52 -> RES 15K OHM 1% 1/10W 0603 | D52: 15K | E52: =RIGHT(TRIM(C52), 4) -> 0603 | F52: =KhoiVTM!F52 -> 30 | G52: 0 | H52: 0 | I52: =F52-H52 -> 30 | J52: =IF(LEFT(C52,3)="RES", "Resistor", IF(LEFT(C52,3)="CAP", "Capacitor", "Other")) -> Resistor | K52: Done | N52: =IFERROR(IF(ISERROR(MATCH(B52,KhoiVTM!$C:$C,0)),"Not Found",IF((EXACT(C52,IFERROR(INDEX(KhoiVTM!$D:$D,MATCH(B52,KhoiVTM!$C:$C,0)),"__NA__"))*1)+(IFERROR(F52=INDEX(KhoiVTM!$F:$F,MATCH(B52,KhoiVTM!$C:$C,0)),FALSE())*1)+(IFERROR(OR(AND(OR(D52="—",D52=""),OR(TEXT(INDEX(KhoiVTM!$J:$J,MATCH(B52,KhoiVTM!$C:$C,0)),"@")="",TEXT(INDEX(KhoiVTM!$J:$J,MATCH(B52,KhoiVTM!$C:$C,0)),"@")="—")),EXACT(TEXT(D52,"@"),TEXT(INDEX(KhoiVTM!$J:$J,MATCH(B52,KhoiVTM!$C:$C,0)),"@"))),FALSE())*1)+(IFERROR(OR(AND(OR(E52="—",E52=""),OR(TEXT(INDEX(KhoiVTM!$M:$M,MATCH(B52,KhoiVTM!$C:$C,0)),"@")="",TEXT(INDEX(KhoiVTM!$M:$M,MATCH(B52,KhoiVTM!$C:$C,0)),"@")="—")),EXACT(TEXT(E52,"@"),TEXT(INDEX(KhoiVTM!$M:$M,MATCH(B52,KhoiVTM!$C:$C,0)),"@"))),FALSE())*1)=4,"Match",IF((EXACT(C52,IFERROR(INDEX(KhoiVTM!$D:$D,MATCH(B52,KhoiVTM!$C:$C,0)),"__NA__"))*1)+(IFERROR(F52=INDEX(KhoiVTM!$F:$F,MATCH(B52,KhoiVTM!$C:$C,0)),FALSE())*1)+(IFERROR(OR(AND(OR(D52="—",D52=""),OR(TEXT(INDEX(KhoiVTM!$J:$J,MATCH(B52,KhoiVTM!$C:$C,0)),"@")="",TEXT(INDEX(KhoiVTM!$J:$J,MATCH(B52,KhoiVTM!$C:$C,0)),"@")="—")),EXACT(TEXT(D52,"@"),TEXT(INDEX(KhoiVTM!$J:$J,MATCH(B52,KhoiVTM!$C:$C,0)),"@"))),FALSE())*1)+(IFERROR(OR(AND(OR(E52="—",E52=""),OR(TEXT(INDEX(KhoiVTM!$M:$M,MATCH(B52,KhoiVTM!$C:$C,0)),"@")="",TEXT(INDEX(KhoiVTM!$M:$M,MATCH(B52,KhoiVTM!$C:$C,0)),"@")="—")),EXACT(TEXT(E52,"@"),TEXT(INDEX(KhoiVTM!$M:$M,MATCH(B52,KhoiVTM!$C:$C,0)),"@"))),FALSE())*1)>=3,"Partial","Mismatch"))),"Not Found") -> Match
A53: =KhoiVTM!A53 -> 52 | B53: =KhoiVTM!C53 -> GCJ188R71H683KA12D | C53: =KhoiVTM!D53 -> CAP CER 0.068UF 50V X7R 0603 | D53: 0.068U | E53: =RIGHT(TRIM(C53), 4) -> 0603 | F53: =KhoiVTM!F53 -> 30 | G53: 0 | H53: 0 | I53: =F53-H53 -> 30 | J53: =IF(LEFT(C53,3)="RES", "Resistor", IF(LEFT(C53,3)="CAP", "Capacitor", "Other")) -> Capacitor | K53: Done | N53: =IFERROR(IF(ISERROR(MATCH(B53,KhoiVTM!$C:$C,0)),"Not Found",IF((EXACT(C53,IFERROR(INDEX(KhoiVTM!$D:$D,MATCH(B53,KhoiVTM!$C:$C,0)),"__NA__"))*1)+(IFERROR(F53=INDEX(KhoiVTM!$F:$F,MATCH(B53,KhoiVTM!$C:$C,0)),FALSE())*1)+(IFERROR(OR(AND(OR(D53="—",D53=""),OR(TEXT(INDEX(KhoiVTM!$J:$J,MATCH(B53,KhoiVTM!$C:$C,0)),"@")="",TEXT(INDEX(KhoiVTM!$J:$J,MATCH(B53,KhoiVTM!$C:$C,0)),"@")="—")),EXACT(TEXT(D53,"@"),TEXT(INDEX(KhoiVTM!$J:$J,MATCH(B53,KhoiVTM!$C:$C,0)),"@"))),FALSE())*1)+(IFERROR(OR(AND(OR(E53="—",E53=""),OR(TEXT(INDEX(KhoiVTM!$M:$M,MATCH(B53,KhoiVTM!$C:$C,0)),"@")="",TEXT(INDEX(KhoiVTM!$M:$M,MATCH(B53,KhoiVTM!$C:$C,0)),"@")="—")),EXACT(TEXT(E53,"@"),TEXT(INDEX(KhoiVTM!$M:$M,MATCH(B53,KhoiVTM!$C:$C,0)),"@"))),FALSE())*1)=4,"Match",IF((EXACT(C53,IFERROR(INDEX(KhoiVTM!$D:$D,MATCH(B53,KhoiVTM!$C:$C,0)),"__NA__"))*1)+(IFERROR(F53=INDEX(KhoiVTM!$F:$F,MATCH(B53,KhoiVTM!$C:$C,0)),FALSE())*1)+(IFERROR(OR(AND(OR(D53="—",D53=""),OR(TEXT(INDEX(KhoiVTM!$J:$J,MATCH(B53,KhoiVTM!$C:$C,0)),"@")="",TEXT(INDEX(KhoiVTM!$J:$J,MATCH(B53,KhoiVTM!$C:$C,0)),"@")="—")),EXACT(TEXT(D53,"@"),TEXT(INDEX(KhoiVTM!$J:$J,MATCH(B53,KhoiVTM!$C:$C,0)),"@"))),FALSE())*1)+(IFERROR(OR(AND(OR(E53="—",E53=""),OR(TEXT(INDEX(KhoiVTM!$M:$M,MATCH(B53,KhoiVTM!$C:$C,0)),"@")="",TEXT(INDEX(KhoiVTM!$M:$M,MATCH(B53,KhoiVTM!$C:$C,0)),"@")="—")),EXACT(TEXT(E53,"@"),TEXT(INDEX(KhoiVTM!$M:$M,MATCH(B53,KhoiVTM!$C:$C,0)),"@"))),FALSE())*1)>=3,"Partial","Mismatch"))),"Not Found") -> Match
A54: =KhoiVTM!A54 -> 53 | B54: =KhoiVTM!C54 -> GRM1885C1H101JA01D | C54: =KhoiVTM!D54 -> CAP CER 100PF 50V C0G/NP0 0603 | D54: 100P | E54: =RIGHT(TRIM(C54), 4) -> 0603 | F54: =KhoiVTM!F54 -> 30 | G54: 1 | H54: 0 | I54: =F54-H54 -> 30 | J54: =IF(LEFT(C54,3)="RES", "Resistor", IF(LEFT(C54,3)="CAP", "Capacitor", "Other")) -> Capacitor | K54: Done | N54: =IFERROR(IF(ISERROR(MATCH(B54,KhoiVTM!$C:$C,0)),"Not Found",IF((EXACT(C54,IFERROR(INDEX(KhoiVTM!$D:$D,MATCH(B54,KhoiVTM!$C:$C,0)),"__NA__"))*1)+(IFERROR(F54=INDEX(KhoiVTM!$F:$F,MATCH(B54,KhoiVTM!$C:$C,0)),FALSE())*1)+(IFERROR(OR(AND(OR(D54="—",D54=""),OR(TEXT(INDEX(KhoiVTM!$J:$J,MATCH(B54,KhoiVTM!$C:$C,0)),"@")="",TEXT(INDEX(KhoiVTM!$J:$J,MATCH(B54,KhoiVTM!$C:$C,0)),"@")="—")),EXACT(TEXT(D54,"@"),TEXT(INDEX(KhoiVTM!$J:$J,MATCH(B54,KhoiVTM!$C:$C,0)),"@"))),FALSE())*1)+(IFERROR(OR(AND(OR(E54="—",E54=""),OR(TEXT(INDEX(KhoiVTM!$M:$M,MATCH(B54,KhoiVTM!$C:$C,0)),"@")="",TEXT(INDEX(KhoiVTM!$M:$M,MATCH(B54,KhoiVTM!$C:$C,0)),"@")="—")),EXACT(TEXT(E54,"@"),TEXT(INDEX(KhoiVTM!$M:$M,MATCH(B54,KhoiVTM!$C:$C,0)),"@"))),FALSE())*1)=4,"Match",IF((EXACT(C54,IFERROR(INDEX(KhoiVTM!$D:$D,MATCH(B54,KhoiVTM!$C:$C,0)),"__NA__"))*1)+(IFERROR(F54=INDEX(KhoiVTM!$F:$F,MATCH(B54,KhoiVTM!$C:$C,0)),FALSE())*1)+(IFERROR(OR(AND(OR(D54="—",D54=""),OR(TEXT(INDEX(KhoiVTM!$J:$J,MATCH(B54,KhoiVTM!$C:$C,0)),"@")="",TEXT(INDEX(KhoiVTM!$J:$J,MATCH(B54,KhoiVTM!$C:$C,0)),"@")="—")),EXACT(TEXT(D54,"@"),TEXT(INDEX(KhoiVTM!$J:$J,MATCH(B54,KhoiVTM!$C:$C,0)),"@"))),FALSE())*1)+(IFERROR(OR(AND(OR(E54="—",E54=""),OR(TEXT(INDEX(KhoiVTM!$M:$M,MATCH(B54,KhoiVTM!$C:$C,0)),"@")="",TEXT(INDEX(KhoiVTM!$M:$M,MATCH(B54,KhoiVTM!$C:$C,0)),"@")="—")),EXACT(TEXT(E54,"@"),TEXT(INDEX(KhoiVTM!$M:$M,MATCH(B54,KhoiVTM!$C:$C,0)),"@"))),FALSE())*1)>=3,"Partial","Mismatch"))),"Not Found") -> Match
A55: =KhoiVTM!A55 -> 54 | B55: =KhoiVTM!C55 -> ADP7142AUJZ-5.0-R7 | C55: =KhoiVTM!D55 -> IC REG LINEAR 5V 200MA TSOT-23-5 | D55: — | E55: — | F55: =KhoiVTM!F55 -> 4 | G55: 0 | H55: 0 | I55: =F55-H55 -> 4 | J55: =IF(LEFT(C55,3)="RES", "Resistor", IF(LEFT(C55,3)="CAP", "Capacitor", "Other")) -> Other | K55: Done | N55: =IFERROR(IF(ISERROR(MATCH(B55,KhoiVTM!$C:$C,0)),"Not Found",IF((EXACT(C55,IFERROR(INDEX(KhoiVTM!$D:$D,MATCH(B55,KhoiVTM!$C:$C,0)),"__NA__"))*1)+(IFERROR(F55=INDEX(KhoiVTM!$F:$F,MATCH(B55,KhoiVTM!$C:$C,0)),FALSE())*1)+(IFERROR(OR(AND(OR(D55="—",D55=""),OR(TEXT(INDEX(KhoiVTM!$J:$J,MATCH(B55,KhoiVTM!$C:$C,0)),"@")="",TEXT(INDEX(KhoiVTM!$J:$J,MATCH(B55,KhoiVTM!$C:$C,0)),"@")="—")),EXACT(TEXT(D55,"@"),TEXT(INDEX(KhoiVTM!$J:$J,MATCH(B55,KhoiVTM!$C:$C,0)),"@"))),FALSE())*1)+(IFERROR(OR(AND(OR(E55="—",E55=""),OR(TEXT(INDEX(KhoiVTM!$M:$M,MATCH(B55,KhoiVTM!$C:$C,0)),"@")="",TEXT(INDEX(KhoiVTM!$M:$M,MATCH(B55,KhoiVTM!$C:$C,0)),"@")="—")),EXACT(TEXT(E55,"@"),TEXT(INDEX(KhoiVTM!$M:$M,MATCH(B55,KhoiVTM!$C:$C,0)),"@"))),FALSE())*1)=4,"Match",IF((EXACT(C55,IFERROR(INDEX(KhoiVTM!$D:$D,MATCH(B55,KhoiVTM!$C:$C,0)),"__NA__"))*1)+(IFERROR(F55=INDEX(KhoiVTM!$F:$F,MATCH(B55,KhoiVTM!$C:$C,0)),FALSE())*1)+(IFERROR(OR(AND(OR(D55="—",D55=""),OR(TEXT(INDEX(KhoiVTM!$J:$J,MATCH(B55,KhoiVTM!$C:$C,0)),"@")="",TEXT(INDEX(KhoiVTM!$J:$J,MATCH(B55,KhoiVTM!$C:$C,0)),"@")="—")),EXACT(TEXT(D55,"@"),TEXT(INDEX(KhoiVTM!$J:$J,MATCH(B55,KhoiVTM!$C:$C,0)),"@"))),FALSE())*1)+(IFERROR(OR(AND(OR(E55="—",E55=""),OR(TEXT(INDEX(KhoiVTM!$M:$M,MATCH(B55,KhoiVTM!$C:$C,0)),"@")="",TEXT(INDEX(KhoiVTM!$M:$M,MATCH(B55,KhoiVTM!$C:$C,0)),"@")="—")),EXACT(TEXT(E55,"@"),TEXT(INDEX(KhoiVTM!$M:$M,MATCH(B55,KhoiVTM!$C:$C,0)),"@"))),FALSE())*1)>=3,"Partial","Mismatch"))),"Not Found") -> Mismatch
A56: =KhoiVTM!A56 -> 55 | B56: =KhoiVTM!C56 -> ADP7182AUJZ-5.0-R7 | C56: =KhoiVTM!D56 -> IC REG LINEAR -5V 200MA TSOT-23-5 | D56: — | E56: — | F56: =KhoiVTM!F56 -> 4 | G56: 0 | H56: 0 | I56: =F56-H56 -> 4 | J56: =IF(LEFT(C56,3)="RES", "Resistor", IF(LEFT(C56,3)="CAP", "Capacitor", "Other")) -> Other | K56: Done | N56: =IFERROR(IF(ISERROR(MATCH(B56,KhoiVTM!$C:$C,0)),"Not Found",IF((EXACT(C56,IFERROR(INDEX(KhoiVTM!$D:$D,MATCH(B56,KhoiVTM!$C:$C,0)),"__NA__"))*1)+(IFERROR(F56=INDEX(KhoiVTM!$F:$F,MATCH(B56,KhoiVTM!$C:$C,0)),FALSE())*1)+(IFERROR(OR(AND(OR(D56="—",D56=""),OR(TEXT(INDEX(KhoiVTM!$J:$J,MATCH(B56,KhoiVTM!$C:$C,0)),"@")="",TEXT(INDEX(KhoiVTM!$J:$J,MATCH(B56,KhoiVTM!$C:$C,0)),"@")="—")),EXACT(TEXT(D56,"@"),TEXT(INDEX(KhoiVTM!$J:$J,MATCH(B56,KhoiVTM!$C:$C,0)),"@"))),FALSE())*1)+(IFERROR(OR(AND(OR(E56="—",E56=""),OR(TEXT(INDEX(KhoiVTM!$M:$M,MATCH(B56,KhoiVTM!$C:$C,0)),"@")="",TEXT(INDEX(KhoiVTM!$M:$M,MATCH(B56,KhoiVTM!$C:$C,0)),"@")="—")),EXACT(TEXT(E56,"@"),TEXT(INDEX(KhoiVTM!$M:$M,MATCH(B56,KhoiVTM!$C:$C,0)),"@"))),FALSE())*1)=4,"Match",IF((EXACT(C56,IFERROR(INDEX(KhoiVTM!$D:$D,MATCH(B56,KhoiVTM!$C:$C,0)),"__NA__"))*1)+(IFERROR(F56=INDEX(KhoiVTM!$F:$F,MATCH(B56,KhoiVTM!$C:$C,0)),FALSE())*1)+(IFERROR(OR(AND(OR(D56="—",D56=""),OR(TEXT(INDEX(KhoiVTM!$J:$J,MATCH(B56,KhoiVTM!$C:$C,0)),"@")="",TEXT(INDEX(KhoiVTM!$J:$J,MATCH(B56,KhoiVTM!$C:$C,0)),"@")="—")),EXACT(TEXT(D56,"@"),TEXT(INDEX(KhoiVTM!$J:$J,MATCH(B56,KhoiVTM!$C:$C,0)),"@"))),FALSE())*1)+(IFERROR(OR(AND(OR(E56="—",E56=""),OR(TEXT(INDEX(KhoiVTM!$M:$M,MATCH(B56,KhoiVTM!$C:$C,0)),"@")="",TEXT(INDEX(KhoiVTM!$M:$M,MATCH(B56,KhoiVTM!$C:$C,0)),"@")="—")),EXACT(TEXT(E56,"@"),TEXT(INDEX(KhoiVTM!$M:$M,MATCH(B56,KhoiVTM!$C:$C,0)),"@"))),FALSE())*1)>=3,"Partial","Mismatch"))),"Not Found") -> Mismatch
A57: =KhoiVTM!A57 -> 56 | B57: =KhoiVTM!C57 -> TPS7A2033PDBVR | C57: =KhoiVTM!D57 -> IC REG LINEAR 3.3V 300MA SOT23-5 | D57: — | E57: — | F57: =KhoiVTM!F57 -> 10 | G57: 0 | H57: 0 | I57: =F57-H57 -> 10 | J57: =IF(LEFT(C57,3)="RES", "Resistor", IF(LEFT(C57,3)="CAP", "Capacitor", "Other")) -> Other | K57: Done | N57: =IFERROR(IF(ISERROR(MATCH(B57,KhoiVTM!$C:$C,0)),"Not Found",IF((EXACT(C57,IFERROR(INDEX(KhoiVTM!$D:$D,MATCH(B57,KhoiVTM!$C:$C,0)),"__NA__"))*1)+(IFERROR(F57=INDEX(KhoiVTM!$F:$F,MATCH(B57,KhoiVTM!$C:$C,0)),FALSE())*1)+(IFERROR(OR(AND(OR(D57="—",D57=""),OR(TEXT(INDEX(KhoiVTM!$J:$J,MATCH(B57,KhoiVTM!$C:$C,0)),"@")="",TEXT(INDEX(KhoiVTM!$J:$J,MATCH(B57,KhoiVTM!$C:$C,0)),"@")="—")),EXACT(TEXT(D57,"@"),TEXT(INDEX(KhoiVTM!$J:$J,MATCH(B57,KhoiVTM!$C:$C,0)),"@"))),FALSE())*1)+(IFERROR(OR(AND(OR(E57="—",E57=""),OR(TEXT(INDEX(KhoiVTM!$M:$M,MATCH(B57,KhoiVTM!$C:$C,0)),"@")="",TEXT(INDEX(KhoiVTM!$M:$M,MATCH(B57,KhoiVTM!$C:$C,0)),"@")="—")),EXACT(TEXT(E57,"@"),TEXT(INDEX(KhoiVTM!$M:$M,MATCH(B57,KhoiVTM!$C:$C,0)),"@"))),FALSE())*1)=4,"Match",IF((EXACT(C57,IFERROR(INDEX(KhoiVTM!$D:$D,MATCH(B57,KhoiVTM!$C:$C,0)),"__NA__"))*1)+(IFERROR(F57=INDEX(KhoiVTM!$F:$F,MATCH(B57,KhoiVTM!$C:$C,0)),FALSE())*1)+(IFERROR(OR(AND(OR(D57="—",D57=""),OR(TEXT(INDEX(KhoiVTM!$J:$J,MATCH(B57,KhoiVTM!$C:$C,0)),"@")="",TEXT(INDEX(KhoiVTM!$J:$J,MATCH(B57,KhoiVTM!$C:$C,0)),"@")="—")),EXACT(TEXT(D57,"@"),TEXT(INDEX(KhoiVTM!$J:$J,MATCH(B57,KhoiVTM!$C:$C,0)),"@"))),FALSE())*1)+(IFERROR(OR(AND(OR(E57="—",E57=""),OR(TEXT(INDEX(KhoiVTM!$M:$M,MATCH(B57,KhoiVTM!$C:$C,0)),"@")="",TEXT(INDEX(KhoiVTM!$M:$M,MATCH(B57,KhoiVTM!$C:$C,0)),"@")="—")),EXACT(TEXT(E57,"@"),TEXT(INDEX(KhoiVTM!$M:$M,MATCH(B57,KhoiVTM!$C:$C,0)),"@"))),FALSE())*1)>=3,"Partial","Mismatch"))),"Not Found") -> Mismatch
A58: =KhoiVTM!A58 -> 57 | B58: =KhoiVTM!C58 -> TLV75533PDBVR | C58: =KhoiVTM!D58 -> IC REG LINEAR 3.3V 500MA SOT23-5 | D58: — | E58: — | F58: =KhoiVTM!F58 -> 10 | G58: 0 | H58: 0 | I58: =F58-H58 -> 10 | J58: =IF(LEFT(C58,3)="RES", "Resistor", IF(LEFT(C58,3)="CAP", "Capacitor", "Other")) -> Other | K58: Done | N58: =IFERROR(IF(ISERROR(MATCH(B58,KhoiVTM!$C:$C,0)),"Not Found",IF((EXACT(C58,IFERROR(INDEX(KhoiVTM!$D:$D,MATCH(B58,KhoiVTM!$C:$C,0)),"__NA__"))*1)+(IFERROR(F58=INDEX(KhoiVTM!$F:$F,MATCH(B58,KhoiVTM!$C:$C,0)),FALSE())*1)+(IFERROR(OR(AND(OR(D58="—",D58=""),OR(TEXT(INDEX(KhoiVTM!$J:$J,MATCH(B58,KhoiVTM!$C:$C,0)),"@")="",TEXT(INDEX(KhoiVTM!$J:$J,MATCH(B58,KhoiVTM!$C:$C,0)),"@")="—")),EXACT(TEXT(D58,"@"),TEXT(INDEX(KhoiVTM!$J:$J,MATCH(B58,KhoiVTM!$C:$C,0)),"@"))),FALSE())*1)+(IFERROR(OR(AND(OR(E58="—",E58=""),OR(TEXT(INDEX(KhoiVTM!$M:$M,MATCH(B58,KhoiVTM!$C:$C,0)),"@")="",TEXT(INDEX(KhoiVTM!$M:$M,MATCH(B58,KhoiVTM!$C:$C,0)),"@")="—")),EXACT(TEXT(E58,"@"),TEXT(INDEX(KhoiVTM!$M:$M,MATCH(B58,KhoiVTM!$C:$C,0)),"@"))),FALSE())*1)=4,"Match",IF((EXACT(C58,IFERROR(INDEX(KhoiVTM!$D:$D,MATCH(B58,KhoiVTM!$C:$C,0)),"__NA__"))*1)+(IFERROR(F58=INDEX(KhoiVTM!$F:$F,MATCH(B58,KhoiVTM!$C:$C,0)),FALSE())*1)+(IFERROR(OR(AND(OR(D58="—",D58=""),OR(TEXT(INDEX(KhoiVTM!$J:$J,MATCH(B58,KhoiVTM!$C:$C,0)),"@")="",TEXT(INDEX(KhoiVTM!$J:$J,MATCH(B58,KhoiVTM!$C:$C,0)),"@")="—")),EXACT(TEXT(D58,"@"),TEXT(INDEX(KhoiVTM!$J:$J,MATCH(B58,KhoiVTM!$C:$C,0)),"@"))),FALSE())*1)+(IFERROR(OR(AND(OR(E58="—",E58=""),OR(TEXT(INDEX(KhoiVTM!$M:$M,MATCH(B58,KhoiVTM!$C:$C,0)),"@")="",TEXT(INDEX(KhoiVTM!$M:$M,MATCH(B58,KhoiVTM!$C:$C,0)),"@")="—")),EXACT(TEXT(E58,"@"),TEXT(INDEX(KhoiVTM!$M:$M,MATCH(B58,KhoiVTM!$C:$C,0)),"@"))),FALSE())*1)>=3,"Partial","Mismatch"))),"Not Found") -> Mismatch
A59: =KhoiVTM!A59 -> 58 | B59: =KhoiVTM!C59 -> BLM18KG601SN1D | C59: =KhoiVTM!D59 -> FERRITE BEAD 600 OHM 0603 1LN | D59: 600 | E59: 603 | F59: =KhoiVTM!F59 -> 25 | G59: 0 | H59: 0 | I59: =F59-H59 -> 25 | J59: =IF(LEFT(C59,3)="RES", "Resistor", IF(LEFT(C59,3)="CAP", "Capacitor", "Other")) -> Other | K59: Done | N59: =IFERROR(IF(ISERROR(MATCH(B59,KhoiVTM!$C:$C,0)),"Not Found",IF((EXACT(C59,IFERROR(INDEX(KhoiVTM!$D:$D,MATCH(B59,KhoiVTM!$C:$C,0)),"__NA__"))*1)+(IFERROR(F59=INDEX(KhoiVTM!$F:$F,MATCH(B59,KhoiVTM!$C:$C,0)),FALSE())*1)+(IFERROR(OR(AND(OR(D59="—",D59=""),OR(TEXT(INDEX(KhoiVTM!$J:$J,MATCH(B59,KhoiVTM!$C:$C,0)),"@")="",TEXT(INDEX(KhoiVTM!$J:$J,MATCH(B59,KhoiVTM!$C:$C,0)),"@")="—")),EXACT(TEXT(D59,"@"),TEXT(INDEX(KhoiVTM!$J:$J,MATCH(B59,KhoiVTM!$C:$C,0)),"@"))),FALSE())*1)+(IFERROR(OR(AND(OR(E59="—",E59=""),OR(TEXT(INDEX(KhoiVTM!$M:$M,MATCH(B59,KhoiVTM!$C:$C,0)),"@")="",TEXT(INDEX(KhoiVTM!$M:$M,MATCH(B59,KhoiVTM!$C:$C,0)),"@")="—")),EXACT(TEXT(E59,"@"),TEXT(INDEX(KhoiVTM!$M:$M,MATCH(B59,KhoiVTM!$C:$C,0)),"@"))),FALSE())*1)=4,"Match",IF((EXACT(C59,IFERROR(INDEX(KhoiVTM!$D:$D,MATCH(B59,KhoiVTM!$C:$C,0)),"__NA__"))*1)+(IFERROR(F59=INDEX(KhoiVTM!$F:$F,MATCH(B59,KhoiVTM!$C:$C,0)),FALSE())*1)+(IFERROR(OR(AND(OR(D59="—",D59=""),OR(TEXT(INDEX(KhoiVTM!$J:$J,MATCH(B59,KhoiVTM!$C:$C,0)),"@")="",TEXT(INDEX(KhoiVTM!$J:$J,MATCH(B59,KhoiVTM!$C:$C,0)),"@")="—")),EXACT(TEXT(D59,"@"),TEXT(INDEX(KhoiVTM!$J:$J,MATCH(B59,KhoiVTM!$C:$C,0)),"@"))),FALSE())*1)+(IFERROR(OR(AND(OR(E59="—",E59=""),OR(TEXT(INDEX(KhoiVTM!$M:$M,MATCH(B59,KhoiVTM!$C:$C,0)),"@")="",TEXT(INDEX(KhoiVTM!$M:$M,MATCH(B59,KhoiVTM!$C:$C,0)),"@")="—")),EXACT(TEXT(E59,"@"),TEXT(INDEX(KhoiVTM!$M:$M,MATCH(B59,KhoiVTM!$C:$C,0)),"@"))),FALSE())*1)>=3,"Partial","Mismatch"))),"Not Found") -> Match
A60: =KhoiVTM!A60 -> 59 | B60: =KhoiVTM!C60 -> GRM188R61A105KA61D | C60: =KhoiVTM!D60 -> CAP CER 1UF 10V X5R 0603 | D60: 1U | E60: =RIGHT(TRIM(C60), 4) -> 0603 | F60: =KhoiVTM!F60 -> 30 | G60: 0 | H60: 0 | I60: =F60-H60 -> 30 | J60: =IF(LEFT(C60,3)="RES", "Resistor", IF(LEFT(C60,3)="CAP", "Capacitor", "Other")) -> Capacitor | K60: Done | N60: =IFERROR(IF(ISERROR(MATCH(B60,KhoiVTM!$C:$C,0)),"Not Found",IF((EXACT(C60,IFERROR(INDEX(KhoiVTM!$D:$D,MATCH(B60,KhoiVTM!$C:$C,0)),"__NA__"))*1)+(IFERROR(F60=INDEX(KhoiVTM!$F:$F,MATCH(B60,KhoiVTM!$C:$C,0)),FALSE())*1)+(IFERROR(OR(AND(OR(D60="—",D60=""),OR(TEXT(INDEX(KhoiVTM!$J:$J,MATCH(B60,KhoiVTM!$C:$C,0)),"@")="",TEXT(INDEX(KhoiVTM!$J:$J,MATCH(B60,KhoiVTM!$C:$C,0)),"@")="—")),EXACT(TEXT(D60,"@"),TEXT(INDEX(KhoiVTM!$J:$J,MATCH(B60,KhoiVTM!$C:$C,0)),"@"))),FALSE())*1)+(IFERROR(OR(AND(OR(E60="—",E60=""),OR(TEXT(INDEX(KhoiVTM!$M:$M,MATCH(B60,KhoiVTM!$C:$C,0)),"@")="",TEXT(INDEX(KhoiVTM!$M:$M,MATCH(B60,KhoiVTM!$C:$C,0)),"@")="—")),EXACT(TEXT(E60,"@"),TEXT(INDEX(KhoiVTM!$M:$M,MATCH(B60,KhoiVTM!$C:$C,0)),"@"))),FALSE())*1)=4,"Match",IF((EXACT(C60,IFERROR(INDEX(KhoiVTM!$D:$D,MATCH(B60,KhoiVTM!$C:$C,0)),"__NA__"))*1)+(IFERROR(F60=INDEX(KhoiVTM!$F:$F,MATCH(B60,KhoiVTM!$C:$C,0)),FALSE())*1)+(IFERROR(OR(AND(OR(D60="—",D60=""),OR(TEXT(INDEX(KhoiVTM!$J:$J,MATCH(B60,KhoiVTM!$C:$C,0)),"@")="",TEXT(INDEX(KhoiVTM!$J:$J,MATCH(B60,KhoiVTM!$C:$C,0)),"@")="—")),EXACT(TEXT(D60,"@"),TEXT(INDEX(KhoiVTM!$J:$J,MATCH(B60,KhoiVTM!$C:$C,0)),"@"))),FALSE())*1)+(IFERROR(OR(AND(OR(E60="—",E60=""),OR(TEXT(INDEX(KhoiVTM!$M:$M,MATCH(B60,KhoiVTM!$C:$C,0)),"@")="",TEXT(INDEX(KhoiVTM!$M:$M,MATCH(B60,KhoiVTM!$C:$C,0)),"@")="—")),EXACT(TEXT(E60,"@"),TEXT(INDEX(KhoiVTM!$M:$M,MATCH(B60,KhoiVTM!$C:$C,0)),"@"))),FALSE())*1)>=3,"Partial","Mismatch"))),"Not Found") -> Match
A61: =KhoiVTM!A61 -> 60 | B61: =KhoiVTM!C61 -> CRCW06032K61FKEA | C61: =KhoiVTM!D61 -> RES SMD 2.61K OHM 1% 1/8W 0603 | D61: 2.61K | E61: =RIGHT(TRIM(C61), 4) -> 0603 | F61: =KhoiVTM!F61 -> 25 | G61: 0 | H61: 0 | I61: =F61-H61 -> 25 | J61: =IF(LEFT(C61,3)="RES", "Resistor", IF(LEFT(C61,3)="CAP", "Capacitor", "Other")) -> Resistor | K61: Done | N61: =IFERROR(IF(ISERROR(MATCH(B61,KhoiVTM!$C:$C,0)),"Not Found",IF((EXACT(C61,IFERROR(INDEX(KhoiVTM!$D:$D,MATCH(B61,KhoiVTM!$C:$C,0)),"__NA__"))*1)+(IFERROR(F61=INDEX(KhoiVTM!$F:$F,MATCH(B61,KhoiVTM!$C:$C,0)),FALSE())*1)+(IFERROR(OR(AND(OR(D61="—",D61=""),OR(TEXT(INDEX(KhoiVTM!$J:$J,MATCH(B61,KhoiVTM!$C:$C,0)),"@")="",TEXT(INDEX(KhoiVTM!$J:$J,MATCH(B61,KhoiVTM!$C:$C,0)),"@")="—")),EXACT(TEXT(D61,"@"),TEXT(INDEX(KhoiVTM!$J:$J,MATCH(B61,KhoiVTM!$C:$C,0)),"@"))),FALSE())*1)+(IFERROR(OR(AND(OR(E61="—",E61=""),OR(TEXT(INDEX(KhoiVTM!$M:$M,MATCH(B61,KhoiVTM!$C:$C,0)),"@")="",TEXT(INDEX(KhoiVTM!$M:$M,MATCH(B61,KhoiVTM!$C:$C,0)),"@")="—")),EXACT(TEXT(E61,"@"),TEXT(INDEX(KhoiVTM!$M:$M,MATCH(B61,KhoiVTM!$C:$C,0)),"@"))),FALSE())*1)=4,"Match",IF((EXACT(C61,IFERROR(INDEX(KhoiVTM!$D:$D,MATCH(B61,KhoiVTM!$C:$C,0)),"__NA__"))*1)+(IFERROR(F61=INDEX(KhoiVTM!$F:$F,MATCH(B61,KhoiVTM!$C:$C,0)),FALSE())*1)+(IFERROR(OR(AND(OR(D61="—",D61=""),OR(TEXT(INDEX(KhoiVTM!$J:$J,MATCH(B61,KhoiVTM!$C:$C,0)),"@")="",TEXT(INDEX(KhoiVTM!$J:$J,MATCH(B61,KhoiVTM!$C:$C,0)),"@")="—")),EXACT(TEXT(D61,"@"),TEXT(INDEX(KhoiVTM!$J:$J,MATCH(B61,KhoiVTM!$C:$C,0)),"@"))),FALSE())*1)+(IFERROR(OR(AND(OR(E61="—",E61=""),OR(TEXT(INDEX(KhoiVTM!$M:$M,MATCH(B61,KhoiVTM!$C:$C,0)),"@")="",TEXT(INDEX(KhoiVTM!$M:$M,MATCH(B61,KhoiVTM!$C:$C,0)),"@")="—")),EXACT(TEXT(E61,"@"),TEXT(INDEX(KhoiVTM!$M:$M,MATCH(B61,KhoiVTM!$C:$C,0)),"@"))),FALSE())*1)>=3,"Partial","Mismatch"))),"Not Found") -> Match
A62: =KhoiVTM!A62 -> 61 | B62: =KhoiVTM!C62 -> C0402C151K5RACTU | C62: =KhoiVTM!D62 -> CAP CER 150PF 50V X7R 0402 | D62: 150P | E62: =RIGHT(TRIM(C62), 4) -> 0402 | F62: =KhoiVTM!F62 -> 25 | G62: 0 | H62: 0 | I62: =F62-H62 -> 25 | J62: =IF(LEFT(C62,3)="RES", "Resistor", IF(LEFT(C62,3)="CAP", "Capacitor", "Other")) -> Capacitor | K62: Done | N62: =IFERROR(IF(ISERROR(MATCH(B62,KhoiVTM!$C:$C,0)),"Not Found",IF((EXACT(C62,IFERROR(INDEX(KhoiVTM!$D:$D,MATCH(B62,KhoiVTM!$C:$C,0)),"__NA__"))*1)+(IFERROR(F62=INDEX(KhoiVTM!$F:$F,MATCH(B62,KhoiVTM!$C:$C,0)),FALSE())*1)+(IFERROR(OR(AND(OR(D62="—",D62=""),OR(TEXT(INDEX(KhoiVTM!$J:$J,MATCH(B62,KhoiVTM!$C:$C,0)),"@")="",TEXT(INDEX(KhoiVTM!$J:$J,MATCH(B62,KhoiVTM!$C:$C,0)),"@")="—")),EXACT(TEXT(D62,"@"),TEXT(INDEX(KhoiVTM!$J:$J,MATCH(B62,KhoiVTM!$C:$C,0)),"@"))),FALSE())*1)+(IFERROR(OR(AND(OR(E62="—",E62=""),OR(TEXT(INDEX(KhoiVTM!$M:$M,MATCH(B62,KhoiVTM!$C:$C,0)),"@")="",TEXT(INDEX(KhoiVTM!$M:$M,MATCH(B62,KhoiVTM!$C:$C,0)),"@")="—")),EXACT(TEXT(E62,"@"),TEXT(INDEX(KhoiVTM!$M:$M,MATCH(B62,KhoiVTM!$C:$C,0)),"@"))),FALSE())*1)=4,"Match",IF((EXACT(C62,IFERROR(INDEX(KhoiVTM!$D:$D,MATCH(B62,KhoiVTM!$C:$C,0)),"__NA__"))*1)+(IFERROR(F62=INDEX(KhoiVTM!$F:$F,MATCH(B62,KhoiVTM!$C:$C,0)),FALSE())*1)+(IFERROR(OR(AND(OR(D62="—",D62=""),OR(TEXT(INDEX(KhoiVTM!$J:$J,MATCH(B62,KhoiVTM!$C:$C,0)),"@")="",TEXT(INDEX(KhoiVTM!$J:$J,MATCH(B62,KhoiVTM!$C:$C,0)),"@")="—")),EXACT(TEXT(D62,"@"),TEXT(INDEX(KhoiVTM!$J:$J,MATCH(B62,KhoiVTM!$C:$C,0)),"@"))),FALSE())*1)+(IFERROR(OR(AND(OR(E62="—",E62=""),OR(TEXT(INDEX(KhoiVTM!$M:$M,MATCH(B62,KhoiVTM!$C:$C,0)),"@")="",TEXT(INDEX(KhoiVTM!$M:$M,MATCH(B62,KhoiVTM!$C:$C,0)),"@")="—")),EXACT(TEXT(E62,"@"),TEXT(INDEX(KhoiVTM!$M:$M,MATCH(B62,KhoiVTM!$C:$C,0)),"@"))),FALSE())*1)>=3,"Partial","Mismatch"))),"Not Found") -> Match
A63: =KhoiVTM!A63 -> 62 | B63: =KhoiVTM!C63 -> CL10C330JB8NNNC | C63: =KhoiVTM!D63 -> CAP CER 33PF 50V C0G/NP0 0603 | D63: 33P | E63: =RIGHT(TRIM(C63), 4) -> 0603 | F63: =KhoiVTM!F63 -> 25 | G63: 0 | H63: 0 | I63: =F63-H63 -> 25 | J63: =IF(LEFT(C63,3)="RES", "Resistor", IF(LEFT(C63,3)="CAP", "Capacitor", "Other")) -> Capacitor | K63: Done | N63: =IFERROR(IF(ISERROR(MATCH(B63,KhoiVTM!$C:$C,0)),"Not Found",IF((EXACT(C63,IFERROR(INDEX(KhoiVTM!$D:$D,MATCH(B63,KhoiVTM!$C:$C,0)),"__NA__"))*1)+(IFERROR(F63=INDEX(KhoiVTM!$F:$F,MATCH(B63,KhoiVTM!$C:$C,0)),FALSE())*1)+(IFERROR(OR(AND(OR(D63="—",D63=""),OR(TEXT(INDEX(KhoiVTM!$J:$J,MATCH(B63,KhoiVTM!$C:$C,0)),"@")="",TEXT(INDEX(KhoiVTM!$J:$J,MATCH(B63,KhoiVTM!$C:$C,0)),"@")="—")),EXACT(TEXT(D63,"@"),TEXT(INDEX(KhoiVTM!$J:$J,MATCH(B63,KhoiVTM!$C:$C,0)),"@"))),FALSE())*1)+(IFERROR(OR(AND(OR(E63="—",E63=""),OR(TEXT(INDEX(KhoiVTM!$M:$M,MATCH(B63,KhoiVTM!$C:$C,0)),"@")="",TEXT(INDEX(KhoiVTM!$M:$M,MATCH(B63,KhoiVTM!$C:$C,0)),"@")="—")),EXACT(TEXT(E63,"@"),TEXT(INDEX(KhoiVTM!$M:$M,MATCH(B63,KhoiVTM!$C:$C,0)),"@"))),FALSE())*1)=4,"Match",IF((EXACT(C63,IFERROR(INDEX(KhoiVTM!$D:$D,MATCH(B63,KhoiVTM!$C:$C,0)),"__NA__"))*1)+(IFERROR(F63=INDEX(KhoiVTM!$F:$F,MATCH(B63,KhoiVTM!$C:$C,0)),FALSE())*1)+(IFERROR(OR(AND(OR(D63="—",D63=""),OR(TEXT(INDEX(KhoiVTM!$J:$J,MATCH(B63,KhoiVTM!$C:$C,0)),"@")="",TEXT(INDEX(KhoiVTM!$J:$J,MATCH(B63,KhoiVTM!$C:$C,0)),"@")="—")),EXACT(TEXT(D63,"@"),TEXT(INDEX(KhoiVTM!$J:$J,MATCH(B63,KhoiVTM!$C:$C,0)),"@"))),FALSE())*1)+(IFERROR(OR(AND(OR(E63="—",E63=""),OR(TEXT(INDEX(KhoiVTM!$M:$M,MATCH(B63,KhoiVTM!$C:$C,0)),"@")="",TEXT(INDEX(KhoiVTM!$M:$M,MATCH(B63,KhoiVTM!$C:$C,0)),"@")="—")),EXACT(TEXT(E63,"@"),TEXT(INDEX(KhoiVTM!$M:$M,MATCH(B63,KhoiVTM!$C:$C,0)),"@"))),FALSE())*1)>=3,"Partial","Mismatch"))),"Not Found") -> Match
A64: =KhoiVTM!A64 -> 63 | B64: =KhoiVTM!C64 -> RNCF0603TKY49R9 | C64: =KhoiVTM!D64 -> RES 49.9 OHM 0.01% 1/10W 0603 | D64: 49.9 | E64: =RIGHT(TRIM(C64), 4) -> 0603 | F64: =KhoiVTM!F64 -> 12 | G64: 4 | H64: 0 | I64: =F64-H64 -> 12 | J64: =IF(LEFT(C64,3)="RES", "Resistor", IF(LEFT(C64,3)="CAP", "Capacitor", "Other")) -> Resistor | K64: Ordering | N64: =IFERROR(IF(ISERROR(MATCH(B64,KhoiVTM!$C:$C,0)),"Not Found",IF((EXACT(C64,IFERROR(INDEX(KhoiVTM!$D:$D,MATCH(B64,KhoiVTM!$C:$C,0)),"__NA__"))*1)+(IFERROR(F64=INDEX(KhoiVTM!$F:$F,MATCH(B64,KhoiVTM!$C:$C,0)),FALSE())*1)+(IFERROR(OR(AND(OR(D64="—",D64=""),OR(TEXT(INDEX(KhoiVTM!$J:$J,MATCH(B64,KhoiVTM!$C:$C,0)),"@")="",TEXT(INDEX(KhoiVTM!$J:$J,MATCH(B64,KhoiVTM!$C:$C,0)),"@")="—")),EXACT(TEXT(D64,"@"),TEXT(INDEX(KhoiVTM!$J:$J,MATCH(B64,KhoiVTM!$C:$C,0)),"@"))),FALSE())*1)+(IFERROR(OR(AND(OR(E64="—",E64=""),OR(TEXT(INDEX(KhoiVTM!$M:$M,MATCH(B64,KhoiVTM!$C:$C,0)),"@")="",TEXT(INDEX(KhoiVTM!$M:$M,MATCH(B64,KhoiVTM!$C:$C,0)),"@")="—")),EXACT(TEXT(E64,"@"),TEXT(INDEX(KhoiVTM!$M:$M,MATCH(B64,KhoiVTM!$C:$C,0)),"@"))),FALSE())*1)=4,"Match",IF((EXACT(C64,IFERROR(INDEX(KhoiVTM!$D:$D,MATCH(B64,KhoiVTM!$C:$C,0)),"__NA__"))*1)+(IFERROR(F64=INDEX(KhoiVTM!$F:$F,MATCH(B64,KhoiVTM!$C:$C,0)),FALSE())*1)+(IFERROR(OR(AND(OR(D64="—",D64=""),OR(TEXT(INDEX(KhoiVTM!$J:$J,MATCH(B64,KhoiVTM!$C:$C,0)),"@")="",TEXT(INDEX(KhoiVTM!$J:$J,MATCH(B64,KhoiVTM!$C:$C,0)),"@")="—")),EXACT(TEXT(D64,"@"),TEXT(INDEX(KhoiVTM!$J:$J,MATCH(B64,KhoiVTM!$C:$C,0)),"@"))),FALSE())*1)+(IFERROR(OR(AND(OR(E64="—",E64=""),OR(TEXT(INDEX(KhoiVTM!$M:$M,MATCH(B64,KhoiVTM!$C:$C,0)),"@")="",TEXT(INDEX(KhoiVTM!$M:$M,MATCH(B64,KhoiVTM!$C:$C,0)),"@")="—")),EXACT(TEXT(E64,"@"),TEXT(INDEX(KhoiVTM!$M:$M,MATCH(B64,KhoiVTM!$C:$C,0)),"@"))),FALSE())*1)>=3,"Partial","Mismatch"))),"Not Found") -> Match
A65: =KhoiVTM!A65 -> 64 | B65: =KhoiVTM!C65 -> RNCF0603TKY1K00 | C65: =KhoiVTM!D65 -> RES SMD 1K OHM 0.01% 1/10W 0603 | D65: 1K | E65: =RIGHT(TRIM(C65), 4) -> 0603 | F65: =KhoiVTM!F65 -> 10 | G65: 2 | H65: 0 | I65: =F65-H65 -> 10 | J65: =IF(LEFT(C65,3)="RES", "Resistor", IF(LEFT(C65,3)="CAP", "Capacitor", "Other")) -> Resistor | K65: Ordering | N65: =IFERROR(IF(ISERROR(MATCH(B65,KhoiVTM!$C:$C,0)),"Not Found",IF((EXACT(C65,IFERROR(INDEX(KhoiVTM!$D:$D,MATCH(B65,KhoiVTM!$C:$C,0)),"__NA__"))*1)+(IFERROR(F65=INDEX(KhoiVTM!$F:$F,MATCH(B65,KhoiVTM!$C:$C,0)),FALSE())*1)+(IFERROR(OR(AND(OR(D65="—",D65=""),OR(TEXT(INDEX(KhoiVTM!$J:$J,MATCH(B65,KhoiVTM!$C:$C,0)),"@")="",TEXT(INDEX(KhoiVTM!$J:$J,MATCH(B65,KhoiVTM!$C:$C,0)),"@")="—")),EXACT(TEXT(D65,"@"),TEXT(INDEX(KhoiVTM!$J:$J,MATCH(B65,KhoiVTM!$C:$C,0)),"@"))),FALSE())*1)+(IFERROR(OR(AND(OR(E65="—",E65=""),OR(TEXT(INDEX(KhoiVTM!$M:$M,MATCH(B65,KhoiVTM!$C:$C,0)),"@")="",TEXT(INDEX(KhoiVTM!$M:$M,MATCH(B65,KhoiVTM!$C:$C,0)),"@")="—")),EXACT(TEXT(E65,"@"),TEXT(INDEX(KhoiVTM!$M:$M,MATCH(B65,KhoiVTM!$C:$C,0)),"@"))),FALSE())*1)=4,"Match",IF((EXACT(C65,IFERROR(INDEX(KhoiVTM!$D:$D,MATCH(B65,KhoiVTM!$C:$C,0)),"__NA__"))*1)+(IFERROR(F65=INDEX(KhoiVTM!$F:$F,MATCH(B65,KhoiVTM!$C:$C,0)),FALSE())*1)+(IFERROR(OR(AND(OR(D65="—",D65=""),OR(TEXT(INDEX(KhoiVTM!$J:$J,MATCH(B65,KhoiVTM!$C:$C,0)),"@")="",TEXT(INDEX(KhoiVTM!$J:$J,MATCH(B65,KhoiVTM!$C:$C,0)),"@")="—")),EXACT(TEXT(D65,"@"),TEXT(INDEX(KhoiVTM!$J:$J,MATCH(B65,KhoiVTM!$C:$C,0)),"@"))),FALSE())*1)+(IFERROR(OR(AND(OR(E65="—",E65=""),OR(TEXT(INDEX(KhoiVTM!$M:$M,MATCH(B65,KhoiVTM!$C:$C,0)),"@")="",TEXT(INDEX(KhoiVTM!$M:$M,MATCH(B65,KhoiVTM!$C:$C,0)),"@")="—")),EXACT(TEXT(E65,"@"),TEXT(INDEX(KhoiVTM!$M:$M,MATCH(B65,KhoiVTM!$C:$C,0)),"@"))),FALSE())*1)>=3,"Partial","Mismatch"))),"Not Found") -> Match
A66: =KhoiVTM!A66 -> 65 | B66: =KhoiVTM!C66 -> RNCF0603TKY499R | C66: =KhoiVTM!D66 -> RES SMD 499 OHM 0.01% 1/10W 0603 | D66: 499 | E66: =RIGHT(TRIM(C66), 4) -> 0603 | F66: =KhoiVTM!F66 -> 10 | G66: 6 | H66: 0 | I66: =F66-H66 -> 10 | J66: =IF(LEFT(C66,3)="RES", "Resistor", IF(LEFT(C66,3)="CAP", "Capacitor", "Other")) -> Resistor | K66: Ordering | N66: =IFERROR(IF(ISERROR(MATCH(B66,KhoiVTM!$C:$C,0)),"Not Found",IF((EXACT(C66,IFERROR(INDEX(KhoiVTM!$D:$D,MATCH(B66,KhoiVTM!$C:$C,0)),"__NA__"))*1)+(IFERROR(F66=INDEX(KhoiVTM!$F:$F,MATCH(B66,KhoiVTM!$C:$C,0)),FALSE())*1)+(IFERROR(OR(AND(OR(D66="—",D66=""),OR(TEXT(INDEX(KhoiVTM!$J:$J,MATCH(B66,KhoiVTM!$C:$C,0)),"@")="",TEXT(INDEX(KhoiVTM!$J:$J,MATCH(B66,KhoiVTM!$C:$C,0)),"@")="—")),EXACT(TEXT(D66,"@"),TEXT(INDEX(KhoiVTM!$J:$J,MATCH(B66,KhoiVTM!$C:$C,0)),"@"))),FALSE())*1)+(IFERROR(OR(AND(OR(E66="—",E66=""),OR(TEXT(INDEX(KhoiVTM!$M:$M,MATCH(B66,KhoiVTM!$C:$C,0)),"@")="",TEXT(INDEX(KhoiVTM!$M:$M,MATCH(B66,KhoiVTM!$C:$C,0)),"@")="—")),EXACT(TEXT(E66,"@"),TEXT(INDEX(KhoiVTM!$M:$M,MATCH(B66,KhoiVTM!$C:$C,0)),"@"))),FALSE())*1)=4,"Match",IF((EXACT(C66,IFERROR(INDEX(KhoiVTM!$D:$D,MATCH(B66,KhoiVTM!$C:$C,0)),"__NA__"))*1)+(IFERROR(F66=INDEX(KhoiVTM!$F:$F,MATCH(B66,KhoiVTM!$C:$C,0)),FALSE())*1)+(IFERROR(OR(AND(OR(D66="—",D66=""),OR(TEXT(INDEX(KhoiVTM!$J:$J,MATCH(B66,KhoiVTM!$C:$C,0)),"@")="",TEXT(INDEX(KhoiVTM!$J:$J,MATCH(B66,KhoiVTM!$C:$C,0)),"@")="—")),EXACT(TEXT(D66,"@"),TEXT(INDEX(KhoiVTM!$J:$J,MATCH(B66,KhoiVTM!$C:$C,0)),"@"))),FALSE())*1)+(IFERROR(OR(AND(OR(E66="—",E66=""),OR(TEXT(INDEX(KhoiVTM!$M:$M,MATCH(B66,KhoiVTM!$C:$C,0)),"@")="",TEXT(INDEX(KhoiVTM!$M:$M,MATCH(B66,KhoiVTM!$C:$C,0)),"@")="—")),EXACT(TEXT(E66,"@"),TEXT(INDEX(KhoiVTM!$M:$M,MATCH(B66,KhoiVTM!$C:$C,0)),"@"))),FALSE())*1)>=3,"Partial","Mismatch"))),"Not Found") -> Match
A67: =KhoiVTM!A67 -> 66 | B67: =KhoiVTM!C67 -> RG2012N-510-W-T1 | C67: =KhoiVTM!D67 -> RES SMD 51 OHM 0.05% 1/8W 0805 | D67: 51 | E67: =RIGHT(TRIM(C67), 4) -> 0805 | F67: =KhoiVTM!F67 -> 10 | G67: 3 | H67: 0 | I67: =F67-H67 -> 10 | J67: =IF(LEFT(C67,3)="RES", "Resistor", IF(LEFT(C67,3)="CAP", "Capacitor", "Other")) -> Resistor | K67: Ordering | N67: =IFERROR(IF(ISERROR(MATCH(B67,KhoiVTM!$C:$C,0)),"Not Found",IF((EXACT(C67,IFERROR(INDEX(KhoiVTM!$D:$D,MATCH(B67,KhoiVTM!$C:$C,0)),"__NA__"))*1)+(IFERROR(F67=INDEX(KhoiVTM!$F:$F,MATCH(B67,KhoiVTM!$C:$C,0)),FALSE())*1)+(IFERROR(OR(AND(OR(D67="—",D67=""),OR(TEXT(INDEX(KhoiVTM!$J:$J,MATCH(B67,KhoiVTM!$C:$C,0)),"@")="",TEXT(INDEX(KhoiVTM!$J:$J,MATCH(B67,KhoiVTM!$C:$C,0)),"@")="—")),EXACT(TEXT(D67,"@"),TEXT(INDEX(KhoiVTM!$J:$J,MATCH(B67,KhoiVTM!$C:$C,0)),"@"))),FALSE())*1)+(IFERROR(OR(AND(OR(E67="—",E67=""),OR(TEXT(INDEX(KhoiVTM!$M:$M,MATCH(B67,KhoiVTM!$C:$C,0)),"@")="",TEXT(INDEX(KhoiVTM!$M:$M,MATCH(B67,KhoiVTM!$C:$C,0)),"@")="—")),EXACT(TEXT(E67,"@"),TEXT(INDEX(KhoiVTM!$M:$M,MATCH(B67,KhoiVTM!$C:$C,0)),"@"))),FALSE())*1)=4,"Match",IF((EXACT(C67,IFERROR(INDEX(KhoiVTM!$D:$D,MATCH(B67,KhoiVTM!$C:$C,0)),"__NA__"))*1)+(IFERROR(F67=INDEX(KhoiVTM!$F:$F,MATCH(B67,KhoiVTM!$C:$C,0)),FALSE())*1)+(IFERROR(OR(AND(OR(D67="—",D67=""),OR(TEXT(INDEX(KhoiVTM!$J:$J,MATCH(B67,KhoiVTM!$C:$C,0)),"@")="",TEXT(INDEX(KhoiVTM!$J:$J,MATCH(B67,KhoiVTM!$C:$C,0)),"@")="—")),EXACT(TEXT(D67,"@"),TEXT(INDEX(KhoiVTM!$J:$J,MATCH(B67,KhoiVTM!$C:$C,0)),"@"))),FALSE())*1)+(IFERROR(OR(AND(OR(E67="—",E67=""),OR(TEXT(INDEX(KhoiVTM!$M:$M,MATCH(B67,KhoiVTM!$C:$C,0)),"@")="",TEXT(INDEX(KhoiVTM!$M:$M,MATCH(B67,KhoiVTM!$C:$C,0)),"@")="—")),EXACT(TEXT(E67,"@"),TEXT(INDEX(KhoiVTM!$M:$M,MATCH(B67,KhoiVTM!$C:$C,0)),"@"))),FALSE())*1)>=3,"Partial","Mismatch"))),"Not Found") -> Match
A68: =KhoiVTM!A68 -> 67 | B68: =KhoiVTM!C68 -> ERA-3ARW104V | C68: =KhoiVTM!D68 -> RES SMD 100K OHM 0.05% 1/10W 0603 | D68: 100K | E68: =RIGHT(TRIM(C68), 4) -> 0603 | F68: =KhoiVTM!F68 -> 10 | G68: 0 | H68: 0 | I68: =F68-H68 -> 10 | J68: =IF(LEFT(C68,3)="RES", "Resistor", IF(LEFT(C68,3)="CAP", "Capacitor", "Other")) -> Resistor | K68: Ordering | N68: =IFERROR(IF(ISERROR(MATCH(B68,KhoiVTM!$C:$C,0)),"Not Found",IF((EXACT(C68,IFERROR(INDEX(KhoiVTM!$D:$D,MATCH(B68,KhoiVTM!$C:$C,0)),"__NA__"))*1)+(IFERROR(F68=INDEX(KhoiVTM!$F:$F,MATCH(B68,KhoiVTM!$C:$C,0)),FALSE())*1)+(IFERROR(OR(AND(OR(D68="—",D68=""),OR(TEXT(INDEX(KhoiVTM!$J:$J,MATCH(B68,KhoiVTM!$C:$C,0)),"@")="",TEXT(INDEX(KhoiVTM!$J:$J,MATCH(B68,KhoiVTM!$C:$C,0)),"@")="—")),EXACT(TEXT(D68,"@"),TEXT(INDEX(KhoiVTM!$J:$J,MATCH(B68,KhoiVTM!$C:$C,0)),"@"))),FALSE())*1)+(IFERROR(OR(AND(OR(E68="—",E68=""),OR(TEXT(INDEX(KhoiVTM!$M:$M,MATCH(B68,KhoiVTM!$C:$C,0)),"@")="",TEXT(INDEX(KhoiVTM!$M:$M,MATCH(B68,KhoiVTM!$C:$C,0)),"@")="—")),EXACT(TEXT(E68,"@"),TEXT(INDEX(KhoiVTM!$M:$M,MATCH(B68,KhoiVTM!$C:$C,0)),"@"))),FALSE())*1)=4,"Match",IF((EXACT(C68,IFERROR(INDEX(KhoiVTM!$D:$D,MATCH(B68,KhoiVTM!$C:$C,0)),"__NA__"))*1)+(IFERROR(F68=INDEX(KhoiVTM!$F:$F,MATCH(B68,KhoiVTM!$C:$C,0)),FALSE())*1)+(IFERROR(OR(AND(OR(D68="—",D68=""),OR(TEXT(INDEX(KhoiVTM!$J:$J,MATCH(B68,KhoiVTM!$C:$C,0)),"@")="",TEXT(INDEX(KhoiVTM!$J:$J,MATCH(B68,KhoiVTM!$C:$C,0)),"@")="—")),EXACT(TEXT(D68,"@"),TEXT(INDEX(KhoiVTM!$J:$J,MATCH(B68,KhoiVTM!$C:$C,0)),"@"))),FALSE())*1)+(IFERROR(OR(AND(OR(E68="—",E68=""),OR(TEXT(INDEX(KhoiVTM!$M:$M,MATCH(B68,KhoiVTM!$C:$C,0)),"@")="",TEXT(INDEX(KhoiVTM!$M:$M,MATCH(B68,KhoiVTM!$C:$C,0)),"@")="—")),EXACT(TEXT(E68,"@"),TEXT(INDEX(KhoiVTM!$M:$M,MATCH(B68,KhoiVTM!$C:$C,0)),"@"))),FALSE())*1)>=3,"Partial","Mismatch"))),"Not Found") -> Match
A69: =KhoiVTM!A69 -> 68 | B69: =KhoiVTM!C69 -> RG1608N-103-W-T5 | C69: =KhoiVTM!D69 -> RES SMD 10K OHM 0.05% 1/10W 0603 | D69: 10K | E69: =RIGHT(TRIM(C69), 4) -> 0603 | F69: =KhoiVTM!F69 -> 20 | G69: 8 | H69: 0 | I69: =F69-H69 -> 20 | J69: =IF(LEFT(C69,3)="RES", "Resistor", IF(LEFT(C69,3)="CAP", "Capacitor", "Other")) -> Resistor | K69: Ordering | N69: =IFERROR(IF(ISERROR(MATCH(B69,KhoiVTM!$C:$C,0)),"Not Found",IF((EXACT(C69,IFERROR(INDEX(KhoiVTM!$D:$D,MATCH(B69,KhoiVTM!$C:$C,0)),"__NA__"))*1)+(IFERROR(F69=INDEX(KhoiVTM!$F:$F,MATCH(B69,KhoiVTM!$C:$C,0)),FALSE())*1)+(IFERROR(OR(AND(OR(D69="—",D69=""),OR(TEXT(INDEX(KhoiVTM!$J:$J,MATCH(B69,KhoiVTM!$C:$C,0)),"@")="",TEXT(INDEX(KhoiVTM!$J:$J,MATCH(B69,KhoiVTM!$C:$C,0)),"@")="—")),EXACT(TEXT(D69,"@"),TEXT(INDEX(KhoiVTM!$J:$J,MATCH(B69,KhoiVTM!$C:$C,0)),"@"))),FALSE())*1)+(IFERROR(OR(AND(OR(E69="—",E69=""),OR(TEXT(INDEX(KhoiVTM!$M:$M,MATCH(B69,KhoiVTM!$C:$C,0)),"@")="",TEXT(INDEX(KhoiVTM!$M:$M,MATCH(B69,KhoiVTM!$C:$C,0)),"@")="—")),EXACT(TEXT(E69,"@"),TEXT(INDEX(KhoiVTM!$M:$M,MATCH(B69,KhoiVTM!$C:$C,0)),"@"))),FALSE())*1)=4,"Match",IF((EXACT(C69,IFERROR(INDEX(KhoiVTM!$D:$D,MATCH(B69,KhoiVTM!$C:$C,0)),"__NA__"))*1)+(IFERROR(F69=INDEX(KhoiVTM!$F:$F,MATCH(B69,KhoiVTM!$C:$C,0)),FALSE())*1)+(IFERROR(OR(AND(OR(D69="—",D69=""),OR(TEXT(INDEX(KhoiVTM!$J:$J,MATCH(B69,KhoiVTM!$C:$C,0)),"@")="",TEXT(INDEX(KhoiVTM!$J:$J,MATCH(B69,KhoiVTM!$C:$C,0)),"@")="—")),EXACT(TEXT(D69,"@"),TEXT(INDEX(KhoiVTM!$J:$J,MATCH(B69,KhoiVTM!$C:$C,0)),"@"))),FALSE())*1)+(IFERROR(OR(AND(OR(E69="—",E69=""),OR(TEXT(INDEX(KhoiVTM!$M:$M,MATCH(B69,KhoiVTM!$C:$C,0)),"@")="",TEXT(INDEX(KhoiVTM!$M:$M,MATCH(B69,KhoiVTM!$C:$C,0)),"@")="—")),EXACT(TEXT(E69,"@"),TEXT(INDEX(KhoiVTM!$M:$M,MATCH(B69,KhoiVTM!$C:$C,0)),"@"))),FALSE())*1)>=3,"Partial","Mismatch"))),"Not Found") -> Match
A70: =KhoiVTM!A70 -> 69 | B70: =KhoiVTM!C70 -> RG1608N-470-W-T1 | C70: =KhoiVTM!D70 -> RES SMD 47 OHM 0.05% 1/10W 0603 | D70: 47 | E70: =RIGHT(TRIM(C70), 4) -> 0603 | F70: =KhoiVTM!F70 -> 10 | G70: 1 | H70: 0 | I70: =F70-H70 -> 10 | J70: =IF(LEFT(C70,3)="RES", "Resistor", IF(LEFT(C70,3)="CAP", "Capacitor", "Other")) -> Resistor | K70: Ordering | N70: =IFERROR(IF(ISERROR(MATCH(B70,KhoiVTM!$C:$C,0)),"Not Found",IF((EXACT(C70,IFERROR(INDEX(KhoiVTM!$D:$D,MATCH(B70,KhoiVTM!$C:$C,0)),"__NA__"))*1)+(IFERROR(F70=INDEX(KhoiVTM!$F:$F,MATCH(B70,KhoiVTM!$C:$C,0)),FALSE())*1)+(IFERROR(OR(AND(OR(D70="—",D70=""),OR(TEXT(INDEX(KhoiVTM!$J:$J,MATCH(B70,KhoiVTM!$C:$C,0)),"@")="",TEXT(INDEX(KhoiVTM!$J:$J,MATCH(B70,KhoiVTM!$C:$C,0)),"@")="—")),EXACT(TEXT(D70,"@"),TEXT(INDEX(KhoiVTM!$J:$J,MATCH(B70,KhoiVTM!$C:$C,0)),"@"))),FALSE())*1)+(IFERROR(OR(AND(OR(E70="—",E70=""),OR(TEXT(INDEX(KhoiVTM!$M:$M,MATCH(B70,KhoiVTM!$C:$C,0)),"@")="",TEXT(INDEX(KhoiVTM!$M:$M,MATCH(B70,KhoiVTM!$C:$C,0)),"@")="—")),EXACT(TEXT(E70,"@"),TEXT(INDEX(KhoiVTM!$M:$M,MATCH(B70,KhoiVTM!$C:$C,0)),"@"))),FALSE())*1)=4,"Match",IF((EXACT(C70,IFERROR(INDEX(KhoiVTM!$D:$D,MATCH(B70,KhoiVTM!$C:$C,0)),"__NA__"))*1)+(IFERROR(F70=INDEX(KhoiVTM!$F:$F,MATCH(B70,KhoiVTM!$C:$C,0)),FALSE())*1)+(IFERROR(OR(AND(OR(D70="—",D70=""),OR(TEXT(INDEX(KhoiVTM!$J:$J,MATCH(B70,KhoiVTM!$C:$C,0)),"@")="",TEXT(INDEX(KhoiVTM!$J:$J,MATCH(B70,KhoiVTM!$C:$C,0)),"@")="—")),EXACT(TEXT(D70,"@"),TEXT(INDEX(KhoiVTM!$J:$J,MATCH(B70,KhoiVTM!$C:$C,0)),"@"))),FALSE())*1)+(IFERROR(OR(AND(OR(E70="—",E70=""),OR(TEXT(INDEX(KhoiVTM!$M:$M,MATCH(B70,KhoiVTM!$C:$C,0)),"@")="",TEXT(INDEX(KhoiVTM!$M:$M,MATCH(B70,KhoiVTM!$C:$C,0)),"@")="—")),EXACT(TEXT(E70,"@"),TEXT(INDEX(KhoiVTM!$M:$M,MATCH(B70,KhoiVTM!$C:$C,0)),"@"))),FALSE())*1)>=3,"Partial","Mismatch"))),"Not Found") -> Match
A71: =KhoiVTM!A71 -> 70 | B71: =KhoiVTM!C71 -> RNCF0603AKT10R0 | C71: =KhoiVTM!D71 -> RES SMD 10 OHM 0.05% 1/10W 0603 | D71: 10 | E71: =RIGHT(TRIM(C71), 4) -> 0603 | F71: =KhoiVTM!F71 -> 15 | G71: 0 | H71: 0 | I71: =F71-H71 -> 15 | J71: =IF(LEFT(C71,3)="RES", "Resistor", IF(LEFT(C71,3)="CAP", "Capacitor", "Other")) -> Resistor | K71: Ordering | N71: =IFERROR(IF(ISERROR(MATCH(B71,KhoiVTM!$C:$C,0)),"Not Found",IF((EXACT(C71,IFERROR(INDEX(KhoiVTM!$D:$D,MATCH(B71,KhoiVTM!$C:$C,0)),"__NA__"))*1)+(IFERROR(F71=INDEX(KhoiVTM!$F:$F,MATCH(B71,KhoiVTM!$C:$C,0)),FALSE())*1)+(IFERROR(OR(AND(OR(D71="—",D71=""),OR(TEXT(INDEX(KhoiVTM!$J:$J,MATCH(B71,KhoiVTM!$C:$C,0)),"@")="",TEXT(INDEX(KhoiVTM!$J:$J,MATCH(B71,KhoiVTM!$C:$C,0)),"@")="—")),EXACT(TEXT(D71,"@"),TEXT(INDEX(KhoiVTM!$J:$J,MATCH(B71,KhoiVTM!$C:$C,0)),"@"))),FALSE())*1)+(IFERROR(OR(AND(OR(E71="—",E71=""),OR(TEXT(INDEX(KhoiVTM!$M:$M,MATCH(B71,KhoiVTM!$C:$C,0)),"@")="",TEXT(INDEX(KhoiVTM!$M:$M,MATCH(B71,KhoiVTM!$C:$C,0)),"@")="—")),EXACT(TEXT(E71,"@"),TEXT(INDEX(KhoiVTM!$M:$M,MATCH(B71,KhoiVTM!$C:$C,0)),"@"))),FALSE())*1)=4,"Match",IF((EXACT(C71,IFERROR(INDEX(KhoiVTM!$D:$D,MATCH(B71,KhoiVTM!$C:$C,0)),"__NA__"))*1)+(IFERROR(F71=INDEX(KhoiVTM!$F:$F,MATCH(B71,KhoiVTM!$C:$C,0)),FALSE())*1)+(IFERROR(OR(AND(OR(D71="—",D71=""),OR(TEXT(INDEX(KhoiVTM!$J:$J,MATCH(B71,KhoiVTM!$C:$C,0)),"@")="",TEXT(INDEX(KhoiVTM!$J:$J,MATCH(B71,KhoiVTM!$C:$C,0)),"@")="—")),EXACT(TEXT(D71,"@"),TEXT(INDEX(KhoiVTM!$J:$J,MATCH(B71,KhoiVTM!$C:$C,0)),"@"))),FALSE())*1)+(IFERROR(OR(AND(OR(E71="—",E71=""),OR(TEXT(INDEX(KhoiVTM!$M:$M,MATCH(B71,KhoiVTM!$C:$C,0)),"@")="",TEXT(INDEX(KhoiVTM!$M:$M,MATCH(B71,KhoiVTM!$C:$C,0)),"@")="—")),EXACT(TEXT(E71,"@"),TEXT(INDEX(KhoiVTM!$M:$M,MATCH(B71,KhoiVTM!$C:$C,0)),"@"))),FALSE())*1)>=3,"Partial","Mismatch"))),"Not Found") -> Match
A72: =KhoiVTM!A72 -> 71 | B72: =KhoiVTM!C72 -> GRM1885C1H1R0WA01D | C72: =KhoiVTM!D72 -> CAP CER 1PF 50V C0G/NP0 0603 | D72: 1P | E72: =RIGHT(TRIM(C72), 4) -> 0603 | F72: =KhoiVTM!F72 -> 25 | G72: 0 | H72: 0 | I72: =F72-H72 -> 25 | J72: =IF(LEFT(C72,3)="RES", "Resistor", IF(LEFT(C72,3)="CAP", "Capacitor", "Other")) -> Capacitor | K72: Ordering | N72: =IFERROR(IF(ISERROR(MATCH(B72,KhoiVTM!$C:$C,0)),"Not Found",IF((EXACT(C72,IFERROR(INDEX(KhoiVTM!$D:$D,MATCH(B72,KhoiVTM!$C:$C,0)),"__NA__"))*1)+(IFERROR(F72=INDEX(KhoiVTM!$F:$F,MATCH(B72,KhoiVTM!$C:$C,0)),FALSE())*1)+(IFERROR(OR(AND(OR(D72="—",D72=""),OR(TEXT(INDEX(KhoiVTM!$J:$J,MATCH(B72,KhoiVTM!$C:$C,0)),"@")="",TEXT(INDEX(KhoiVTM!$J:$J,MATCH(B72,KhoiVTM!$C:$C,0)),"@")="—")),EXACT(TEXT(D72,"@"),TEXT(INDEX(KhoiVTM!$J:$J,MATCH(B72,KhoiVTM!$C:$C,0)),"@"))),FALSE())*1)+(IFERROR(OR(AND(OR(E72="—",E72=""),OR(TEXT(INDEX(KhoiVTM!$M:$M,MATCH(B72,KhoiVTM!$C:$C,0)),"@")="",TEXT(INDEX(KhoiVTM!$M:$M,MATCH(B72,KhoiVTM!$C:$C,0)),"@")="—")),EXACT(TEXT(E72,"@"),TEXT(INDEX(KhoiVTM!$M:$M,MATCH(B72,KhoiVTM!$C:$C,0)),"@"))),FALSE())*1)=4,"Match",IF((EXACT(C72,IFERROR(INDEX(KhoiVTM!$D:$D,MATCH(B72,KhoiVTM!$C:$C,0)),"__NA__"))*1)+(IFERROR(F72=INDEX(KhoiVTM!$F:$F,MATCH(B72,KhoiVTM!$C:$C,0)),FALSE())*1)+(IFERROR(OR(AND(OR(D72="—",D72=""),OR(TEXT(INDEX(KhoiVTM!$J:$J,MATCH(B72,KhoiVTM!$C:$C,0)),"@")="",TEXT(INDEX(KhoiVTM!$J:$J,MATCH(B72,KhoiVTM!$C:$C,0)),"@")="—")),EXACT(TEXT(D72,"@"),TEXT(INDEX(KhoiVTM!$J:$J,MATCH(B72,KhoiVTM!$C:$C,0)),"@"))),FALSE())*1)+(IFERROR(OR(AND(OR(E72="—",E72=""),OR(TEXT(INDEX(KhoiVTM!$M:$M,MATCH(B72,KhoiVTM!$C:$C,0)),"@")="",TEXT(INDEX(KhoiVTM!$M:$M,MATCH(B72,KhoiVTM!$C:$C,0)),"@")="—")),EXACT(TEXT(E72,"@"),TEXT(INDEX(KhoiVTM!$M:$M,MATCH(B72,KhoiVTM!$C:$C,0)),"@"))),FALSE())*1)>=3,"Partial","Mismatch"))),"Not Found") -> Match
A73: =KhoiVTM!A73 -> 72 | B73: =KhoiVTM!C73 -> AD8066ARZ-R7 | C73: =KhoiVTM!D73 -> IC VOLTAGE FEEDBACK 2 CIRC 8SOIC | D73: — | E73: — | F73: =KhoiVTM!F73 -> 4 | G73: 3 | H73: 0 | I73: =F73-H73 -> 4 | J73: =IF(LEFT(C73,3)="RES", "Resistor", IF(LEFT(C73,3)="CAP", "Capacitor", "Other")) -> Other | K73: Ordering | N73: =IFERROR(IF(ISERROR(MATCH(B73,KhoiVTM!$C:$C,0)),"Not Found",IF((EXACT(C73,IFERROR(INDEX(KhoiVTM!$D:$D,MATCH(B73,KhoiVTM!$C:$C,0)),"__NA__"))*1)+(IFERROR(F73=INDEX(KhoiVTM!$F:$F,MATCH(B73,KhoiVTM!$C:$C,0)),FALSE())*1)+(IFERROR(OR(AND(OR(D73="—",D73=""),OR(TEXT(INDEX(KhoiVTM!$J:$J,MATCH(B73,KhoiVTM!$C:$C,0)),"@")="",TEXT(INDEX(KhoiVTM!$J:$J,MATCH(B73,KhoiVTM!$C:$C,0)),"@")="—")),EXACT(TEXT(D73,"@"),TEXT(INDEX(KhoiVTM!$J:$J,MATCH(B73,KhoiVTM!$C:$C,0)),"@"))),FALSE())*1)+(IFERROR(OR(AND(OR(E73="—",E73=""),OR(TEXT(INDEX(KhoiVTM!$M:$M,MATCH(B73,KhoiVTM!$C:$C,0)),"@")="",TEXT(INDEX(KhoiVTM!$M:$M,MATCH(B73,KhoiVTM!$C:$C,0)),"@")="—")),EXACT(TEXT(E73,"@"),TEXT(INDEX(KhoiVTM!$M:$M,MATCH(B73,KhoiVTM!$C:$C,0)),"@"))),FALSE())*1)=4,"Match",IF((EXACT(C73,IFERROR(INDEX(KhoiVTM!$D:$D,MATCH(B73,KhoiVTM!$C:$C,0)),"__NA__"))*1)+(IFERROR(F73=INDEX(KhoiVTM!$F:$F,MATCH(B73,KhoiVTM!$C:$C,0)),FALSE())*1)+(IFERROR(OR(AND(OR(D73="—",D73=""),OR(TEXT(INDEX(KhoiVTM!$J:$J,MATCH(B73,KhoiVTM!$C:$C,0)),"@")="",TEXT(INDEX(KhoiVTM!$J:$J,MATCH(B73,KhoiVTM!$C:$C,0)),"@")="—")),EXACT(TEXT(D73,"@"),TEXT(INDEX(KhoiVTM!$J:$J,MATCH(B73,KhoiVTM!$C:$C,0)),"@"))),FALSE())*1)+(IFERROR(OR(AND(OR(E73="—",E73=""),OR(TEXT(INDEX(KhoiVTM!$M:$M,MATCH(B73,KhoiVTM!$C:$C,0)),"@")="",TEXT(INDEX(KhoiVTM!$M:$M,MATCH(B73,KhoiVTM!$C:$C,0)),"@")="—")),EXACT(TEXT(E73,"@"),TEXT(INDEX(KhoiVTM!$M:$M,MATCH(B73,KhoiVTM!$C:$C,0)),"@"))),FALSE())*1)>=3,"Partial","Mismatch"))),"Not Found") -> Mismatch
A74: =KhoiVTM!A74 -> 73 | B74: =KhoiVTM!C74 -> ADP2303ARDZ-5.0-R7 | C74: =KhoiVTM!D74 -> IC REG BUCK 5V 3A 8SOIC | D74: — | E74: — | F74: =KhoiVTM!F74 -> 3 | G74: 0 | H74: 0 | I74: =F74-H74 -> 3 | J74: =IF(LEFT(C74,3)="RES", "Resistor", IF(LEFT(C74,3)="CAP", "Capacitor", "Other")) -> Other | K74: Ordering | N74: =IFERROR(IF(ISERROR(MATCH(B74,KhoiVTM!$C:$C,0)),"Not Found",IF((EXACT(C74,IFERROR(INDEX(KhoiVTM!$D:$D,MATCH(B74,KhoiVTM!$C:$C,0)),"__NA__"))*1)+(IFERROR(F74=INDEX(KhoiVTM!$F:$F,MATCH(B74,KhoiVTM!$C:$C,0)),FALSE())*1)+(IFERROR(OR(AND(OR(D74="—",D74=""),OR(TEXT(INDEX(KhoiVTM!$J:$J,MATCH(B74,KhoiVTM!$C:$C,0)),"@")="",TEXT(INDEX(KhoiVTM!$J:$J,MATCH(B74,KhoiVTM!$C:$C,0)),"@")="—")),EXACT(TEXT(D74,"@"),TEXT(INDEX(KhoiVTM!$J:$J,MATCH(B74,KhoiVTM!$C:$C,0)),"@"))),FALSE())*1)+(IFERROR(OR(AND(OR(E74="—",E74=""),OR(TEXT(INDEX(KhoiVTM!$M:$M,MATCH(B74,KhoiVTM!$C:$C,0)),"@")="",TEXT(INDEX(KhoiVTM!$M:$M,MATCH(B74,KhoiVTM!$C:$C,0)),"@")="—")),EXACT(TEXT(E74,"@"),TEXT(INDEX(KhoiVTM!$M:$M,MATCH(B74,KhoiVTM!$C:$C,0)),"@"))),FALSE())*1)=4,"Match",IF((EXACT(C74,IFERROR(INDEX(KhoiVTM!$D:$D,MATCH(B74,KhoiVTM!$C:$C,0)),"__NA__"))*1)+(IFERROR(F74=INDEX(KhoiVTM!$F:$F,MATCH(B74,KhoiVTM!$C:$C,0)),FALSE())*1)+(IFERROR(OR(AND(OR(D74="—",D74=""),OR(TEXT(INDEX(KhoiVTM!$J:$J,MATCH(B74,KhoiVTM!$C:$C,0)),"@")="",TEXT(INDEX(KhoiVTM!$J:$J,MATCH(B74,KhoiVTM!$C:$C,0)),"@")="—")),EXACT(TEXT(D74,"@"),TEXT(INDEX(KhoiVTM!$J:$J,MATCH(B74,KhoiVTM!$C:$C,0)),"@"))),FALSE())*1)+(IFERROR(OR(AND(OR(E74="—",E74=""),OR(TEXT(INDEX(KhoiVTM!$M:$M,MATCH(B74,KhoiVTM!$C:$C,0)),"@")="",TEXT(INDEX(KhoiVTM!$M:$M,MATCH(B74,KhoiVTM!$C:$C,0)),"@")="—")),EXACT(TEXT(E74,"@"),TEXT(INDEX(KhoiVTM!$M:$M,MATCH(B74,KhoiVTM!$C:$C,0)),"@"))),FALSE())*1)>=3,"Partial","Mismatch"))),"Not Found") -> Mismatch
A75: =KhoiVTM!A75 -> 74 | B75: =KhoiVTM!C75 -> ADP7118AUJZ-3.3-R7 | C75: =KhoiVTM!D75 -> IC REG LIN 3.3V 200MA TSOT-23-5 | D75: — | E75: — | F75: =KhoiVTM!F75 -> 3 | G75: 0 | H75: 0 | I75: =F75-H75 -> 3 | J75: =IF(LEFT(C75,3)="RES", "Resistor", IF(LEFT(C75,3)="CAP", "Capacitor", "Other")) -> Other | K75: Ordering | N75: =IFERROR(IF(ISERROR(MATCH(B75,KhoiVTM!$C:$C,0)),"Not Found",IF((EXACT(C75,IFERROR(INDEX(KhoiVTM!$D:$D,MATCH(B75,KhoiVTM!$C:$C,0)),"__NA__"))*1)+(IFERROR(F75=INDEX(KhoiVTM!$F:$F,MATCH(B75,KhoiVTM!$C:$C,0)),FALSE())*1)+(IFERROR(OR(AND(OR(D75="—",D75=""),OR(TEXT(INDEX(KhoiVTM!$J:$J,MATCH(B75,KhoiVTM!$C:$C,0)),"@")="",TEXT(INDEX(KhoiVTM!$J:$J,MATCH(B75,KhoiVTM!$C:$C,0)),"@")="—")),EXACT(TEXT(D75,"@"),TEXT(INDEX(KhoiVTM!$J:$J,MATCH(B75,KhoiVTM!$C:$C,0)),"@"))),FALSE())*1)+(IFERROR(OR(AND(OR(E75="—",E75=""),OR(TEXT(INDEX(KhoiVTM!$M:$M,MATCH(B75,KhoiVTM!$C:$C,0)),"@")="",TEXT(INDEX(KhoiVTM!$M:$M,MATCH(B75,KhoiVTM!$C:$C,0)),"@")="—")),EXACT(TEXT(E75,"@"),TEXT(INDEX(KhoiVTM!$M:$M,MATCH(B75,KhoiVTM!$C:$C,0)),"@"))),FALSE())*1)=4,"Match",IF((EXACT(C75,IFERROR(INDEX(KhoiVTM!$D:$D,MATCH(B75,KhoiVTM!$C:$C,0)),"__NA__"))*1)+(IFERROR(F75=INDEX(KhoiVTM!$F:$F,MATCH(B75,KhoiVTM!$C:$C,0)),FALSE())*1)+(IFERROR(OR(AND(OR(D75="—",D75=""),OR(TEXT(INDEX(KhoiVTM!$J:$J,MATCH(B75,KhoiVTM!$C:$C,0)),"@")="",TEXT(INDEX(KhoiVTM!$J:$J,MATCH(B75,KhoiVTM!$C:$C,0)),"@")="—")),EXACT(TEXT(D75,"@"),TEXT(INDEX(KhoiVTM!$J:$J,MATCH(B75,KhoiVTM!$C:$C,0)),"@"))),FALSE())*1)+(IFERROR(OR(AND(OR(E75="—",E75=""),OR(TEXT(INDEX(KhoiVTM!$M:$M,MATCH(B75,KhoiVTM!$C:$C,0)),"@")="",TEXT(INDEX(KhoiVTM!$M:$M,MATCH(B75,KhoiVTM!$C:$C,0)),"@")="—")),EXACT(TEXT(E75,"@"),TEXT(INDEX(KhoiVTM!$M:$M,MATCH(B75,KhoiVTM!$C:$C,0)),"@"))),FALSE())*1)>=3,"Partial","Mismatch"))),"Not Found") -> Mismatch
A76: =KhoiVTM!A76 -> 75 | B76: =KhoiVTM!C76 -> KGM15ACG1H102FT | C76: =KhoiVTM!D76 -> CAP CER 1000PF 50V C0G/NP0 0603 | D76: 1000P | E76: =RIGHT(TRIM(C76), 4) -> 0603 | F76: =KhoiVTM!F76 -> 10 | G76: 3 | H76: 0 | I76: =F76-H76 -> 10 | J76: =IF(LEFT(C76,3)="RES", "Resistor", IF(LEFT(C76,3)="CAP", "Capacitor", "Other")) -> Capacitor | K76: Ordering | N76: =IFERROR(IF(ISERROR(MATCH(B76,KhoiVTM!$C:$C,0)),"Not Found",IF((EXACT(C76,IFERROR(INDEX(KhoiVTM!$D:$D,MATCH(B76,KhoiVTM!$C:$C,0)),"__NA__"))*1)+(IFERROR(F76=INDEX(KhoiVTM!$F:$F,MATCH(B76,KhoiVTM!$C:$C,0)),FALSE())*1)+(IFERROR(OR(AND(OR(D76="—",D76=""),OR(TEXT(INDEX(KhoiVTM!$J:$J,MATCH(B76,KhoiVTM!$C:$C,0)),"@")="",TEXT(INDEX(KhoiVTM!$J:$J,MATCH(B76,KhoiVTM!$C:$C,0)),"@")="—")),EXACT(TEXT(D76,"@"),TEXT(INDEX(KhoiVTM!$J:$J,MATCH(B76,KhoiVTM!$C:$C,0)),"@"))),FALSE())*1)+(IFERROR(OR(AND(OR(E76="—",E76=""),OR(TEXT(INDEX(KhoiVTM!$M:$M,MATCH(B76,KhoiVTM!$C:$C,0)),"@")="",TEXT(INDEX(KhoiVTM!$M:$M,MATCH(B76,KhoiVTM!$C:$C,0)),"@")="—")),EXACT(TEXT(E76,"@"),TEXT(INDEX(KhoiVTM!$M:$M,MATCH(B76,KhoiVTM!$C:$C,0)),"@"))),FALSE())*1)=4,"Match",IF((EXACT(C76,IFERROR(INDEX(KhoiVTM!$D:$D,MATCH(B76,KhoiVTM!$C:$C,0)),"__NA__"))*1)+(IFERROR(F76=INDEX(KhoiVTM!$F:$F,MATCH(B76,KhoiVTM!$C:$C,0)),FALSE())*1)+(IFERROR(OR(AND(OR(D76="—",D76=""),OR(TEXT(INDEX(KhoiVTM!$J:$J,MATCH(B76,KhoiVTM!$C:$C,0)),"@")="",TEXT(INDEX(KhoiVTM!$J:$J,MATCH(B76,KhoiVTM!$C:$C,0)),"@")="—")),EXACT(TEXT(D76,"@"),TEXT(INDEX(KhoiVTM!$J:$J,MATCH(B76,KhoiVTM!$C:$C,0)),"@"))),FALSE())*1)+(IFERROR(OR(AND(OR(E76="—",E76=""),OR(TEXT(INDEX(KhoiVTM!$M:$M,MATCH(B76,KhoiVTM!$C:$C,0)),"@")="",TEXT(INDEX(KhoiVTM!$M:$M,MATCH(B76,KhoiVTM!$C:$C,0)),"@")="—")),EXACT(TEXT(E76,"@"),TEXT(INDEX(KhoiVTM!$M:$M,MATCH(B76,KhoiVTM!$C:$C,0)),"@"))),FALSE())*1)>=3,"Partial","Mismatch"))),"Not Found") -> Match
A77: =KhoiVTM!A77 -> 76 | B77: =KhoiVTM!C77 -> RN73R1JTTD22R0B25 | C77: =KhoiVTM!D77 -> RES 22 OHM 0.1% 1/10W 0603 | D77: 22 | E77: =RIGHT(TRIM(C77), 4) -> 0603 | F77: =KhoiVTM!F77 -> 10 | G77: 3 | H77: 0 | I77: =F77-H77 -> 10 | J77: =IF(LEFT(C77,3)="RES", "Resistor", IF(LEFT(C77,3)="CAP", "Capacitor", "Other")) -> Resistor | K77: Ordering | N77: =IFERROR(IF(ISERROR(MATCH(B77,KhoiVTM!$C:$C,0)),"Not Found",IF((EXACT(C77,IFERROR(INDEX(KhoiVTM!$D:$D,MATCH(B77,KhoiVTM!$C:$C,0)),"__NA__"))*1)+(IFERROR(F77=INDEX(KhoiVTM!$F:$F,MATCH(B77,KhoiVTM!$C:$C,0)),FALSE())*1)+(IFERROR(OR(AND(OR(D77="—",D77=""),OR(TEXT(INDEX(KhoiVTM!$J:$J,MATCH(B77,KhoiVTM!$C:$C,0)),"@")="",TEXT(INDEX(KhoiVTM!$J:$J,MATCH(B77,KhoiVTM!$C:$C,0)),"@")="—")),EXACT(TEXT(D77,"@"),TEXT(INDEX(KhoiVTM!$J:$J,MATCH(B77,KhoiVTM!$C:$C,0)),"@"))),FALSE())*1)+(IFERROR(OR(AND(OR(E77="—",E77=""),OR(TEXT(INDEX(KhoiVTM!$M:$M,MATCH(B77,KhoiVTM!$C:$C,0)),"@")="",TEXT(INDEX(KhoiVTM!$M:$M,MATCH(B77,KhoiVTM!$C:$C,0)),"@")="—")),EXACT(TEXT(E77,"@"),TEXT(INDEX(KhoiVTM!$M:$M,MATCH(B77,KhoiVTM!$C:$C,0)),"@"))),FALSE())*1)=4,"Match",IF((EXACT(C77,IFERROR(INDEX(KhoiVTM!$D:$D,MATCH(B77,KhoiVTM!$C:$C,0)),"__NA__"))*1)+(IFERROR(F77=INDEX(KhoiVTM!$F:$F,MATCH(B77,KhoiVTM!$C:$C,0)),FALSE())*1)+(IFERROR(OR(AND(OR(D77="—",D77=""),OR(TEXT(INDEX(KhoiVTM!$J:$J,MATCH(B77,KhoiVTM!$C:$C,0)),"@")="",TEXT(INDEX(KhoiVTM!$J:$J,MATCH(B77,KhoiVTM!$C:$C,0)),"@")="—")),EXACT(TEXT(D77,"@"),TEXT(INDEX(KhoiVTM!$J:$J,MATCH(B77,KhoiVTM!$C:$C,0)),"@"))),FALSE())*1)+(IFERROR(OR(AND(OR(E77="—",E77=""),OR(TEXT(INDEX(KhoiVTM!$M:$M,MATCH(B77,KhoiVTM!$C:$C,0)),"@")="",TEXT(INDEX(KhoiVTM!$M:$M,MATCH(B77,KhoiVTM!$C:$C,0)),"@")="—")),EXACT(TEXT(E77,"@"),TEXT(INDEX(KhoiVTM!$M:$M,MATCH(B77,KhoiVTM!$C:$C,0)),"@"))),FALSE())*1)>=3,"Partial","Mismatch"))),"Not Found") -> Match
A78: =KhoiVTM!A78 -> 77 | B78: =KhoiVTM!C78 -> GCM1885C2A561FA16D | C78: =KhoiVTM!D78 -> CAP CER 560PF 100V C0G/NP0 0603 | D78: 560P | E78: =RIGHT(TRIM(C78), 4) -> 0603 | F78: =KhoiVTM!F78 -> 25 | G78: 0 | H78: 0 | I78: =F78-H78 -> 25 | J78: =IF(LEFT(C78,3)="RES", "Resistor", IF(LEFT(C78,3)="CAP", "Capacitor", "Other")) -> Capacitor | K78: Ordering | L78: Replace 720p | N78: =IFERROR(IF(ISERROR(MATCH(B78,KhoiVTM!$C:$C,0)),"Not Found",IF((EXACT(C78,IFERROR(INDEX(KhoiVTM!$D:$D,MATCH(B78,KhoiVTM!$C:$C,0)),"__NA__"))*1)+(IFERROR(F78=INDEX(KhoiVTM!$F:$F,MATCH(B78,KhoiVTM!$C:$C,0)),FALSE())*1)+(IFERROR(OR(AND(OR(D78="—",D78=""),OR(TEXT(INDEX(KhoiVTM!$J:$J,MATCH(B78,KhoiVTM!$C:$C,0)),"@")="",TEXT(INDEX(KhoiVTM!$J:$J,MATCH(B78,KhoiVTM!$C:$C,0)),"@")="—")),EXACT(TEXT(D78,"@"),TEXT(INDEX(KhoiVTM!$J:$J,MATCH(B78,KhoiVTM!$C:$C,0)),"@"))),FALSE())*1)+(IFERROR(OR(AND(OR(E78="—",E78=""),OR(TEXT(INDEX(KhoiVTM!$M:$M,MATCH(B78,KhoiVTM!$C:$C,0)),"@")="",TEXT(INDEX(KhoiVTM!$M:$M,MATCH(B78,KhoiVTM!$C:$C,0)),"@")="—")),EXACT(TEXT(E78,"@"),TEXT(INDEX(KhoiVTM!$M:$M,MATCH(B78,KhoiVTM!$C:$C,0)),"@"))),FALSE())*1)=4,"Match",IF((EXACT(C78,IFERROR(INDEX(KhoiVTM!$D:$D,MATCH(B78,KhoiVTM!$C:$C,0)),"__NA__"))*1)+(IFERROR(F78=INDEX(KhoiVTM!$F:$F,MATCH(B78,KhoiVTM!$C:$C,0)),FALSE())*1)+(IFERROR(OR(AND(OR(D78="—",D78=""),OR(TEXT(INDEX(KhoiVTM!$J:$J,MATCH(B78,KhoiVTM!$C:$C,0)),"@")="",TEXT(INDEX(KhoiVTM!$J:$J,MATCH(B78,KhoiVTM!$C:$C,0)),"@")="—")),EXACT(TEXT(D78,"@"),TEXT(INDEX(KhoiVTM!$J:$J,MATCH(B78,KhoiVTM!$C:$C,0)),"@"))),FALSE())*1)+(IFERROR(OR(AND(OR(E78="—",E78=""),OR(TEXT(INDEX(KhoiVTM!$M:$M,MATCH(B78,KhoiVTM!$C:$C,0)),"@")="",TEXT(INDEX(KhoiVTM!$M:$M,MATCH(B78,KhoiVTM!$C:$C,0)),"@")="—")),EXACT(TEXT(E78,"@"),TEXT(INDEX(KhoiVTM!$M:$M,MATCH(B78,KhoiVTM!$C:$C,0)),"@"))),FALSE())*1)>=3,"Partial","Mismatch"))),"Not Found") -> Match
A79: =KhoiVTM!A79 -> 78 | B79: =KhoiVTM!C79 -> C0603C161F5GACTU | C79: =KhoiVTM!D79 -> CAP CER 160PF 50V C0G/NP0 0603 | D79: 160P | E79: =RIGHT(TRIM(C79), 4) -> 0603 | F79: =KhoiVTM!F79 -> 20 | G79: 0 | H79: 0 | I79: =F79-H79 -> 20 | J79: =IF(LEFT(C79,3)="RES", "Resistor", IF(LEFT(C79,3)="CAP", "Capacitor", "Other")) -> Capacitor | K79: Ordering | N79: =IFERROR(IF(ISERROR(MATCH(B79,KhoiVTM!$C:$C,0)),"Not Found",IF((EXACT(C79,IFERROR(INDEX(KhoiVTM!$D:$D,MATCH(B79,KhoiVTM!$C:$C,0)),"__NA__"))*1)+(IFERROR(F79=INDEX(KhoiVTM!$F:$F,MATCH(B79,KhoiVTM!$C:$C,0)),FALSE())*1)+(IFERROR(OR(AND(OR(D79="—",D79=""),OR(TEXT(INDEX(KhoiVTM!$J:$J,MATCH(B79,KhoiVTM!$C:$C,0)),"@")="",TEXT(INDEX(KhoiVTM!$J:$J,MATCH(B79,KhoiVTM!$C:$C,0)),"@")="—")),EXACT(TEXT(D79,"@"),TEXT(INDEX(KhoiVTM!$J:$J,MATCH(B79,KhoiVTM!$C:$C,0)),"@"))),FALSE())*1)+(IFERROR(OR(AND(OR(E79="—",E79=""),OR(TEXT(INDEX(KhoiVTM!$M:$M,MATCH(B79,KhoiVTM!$C:$C,0)),"@")="",TEXT(INDEX(KhoiVTM!$M:$M,MATCH(B79,KhoiVTM!$C:$C,0)),"@")="—")),EXACT(TEXT(E79,"@"),TEXT(INDEX(KhoiVTM!$M:$M,MATCH(B79,KhoiVTM!$C:$C,0)),"@"))),FALSE())*1)=4,"Match",IF((EXACT(C79,IFERROR(INDEX(KhoiVTM!$D:$D,MATCH(B79,KhoiVTM!$C:$C,0)),"__NA__"))*1)+(IFERROR(F79=INDEX(KhoiVTM!$F:$F,MATCH(B79,KhoiVTM!$C:$C,0)),FALSE())*1)+(IFERROR(OR(AND(OR(D79="—",D79=""),OR(TEXT(INDEX(KhoiVTM!$J:$J,MATCH(B79,KhoiVTM!$C:$C,0)),"@")="",TEXT(INDEX(KhoiVTM!$J:$J,MATCH(B79,KhoiVTM!$C:$C,0)),"@")="—")),EXACT(TEXT(D79,"@"),TEXT(INDEX(KhoiVTM!$J:$J,MATCH(B79,KhoiVTM!$C:$C,0)),"@"))),FALSE())*1)+(IFERROR(OR(AND(OR(E79="—",E79=""),OR(TEXT(INDEX(KhoiVTM!$M:$M,MATCH(B79,KhoiVTM!$C:$C,0)),"@")="",TEXT(INDEX(KhoiVTM!$M:$M,MATCH(B79,KhoiVTM!$C:$C,0)),"@")="—")),EXACT(TEXT(E79,"@"),TEXT(INDEX(KhoiVTM!$M:$M,MATCH(B79,KhoiVTM!$C:$C,0)),"@"))),FALSE())*1)>=3,"Partial","Mismatch"))),"Not Found") -> Match
A80: =KhoiVTM!A80 -> 79 | B80: =KhoiVTM!C80 -> CC0603FRNPO9BN390 | C80: =KhoiVTM!D80 -> CAP CER 39PF 50V C0G/NPO 0603 | D80: 39P | E80: =RIGHT(TRIM(C80), 4) -> 0603 | F80: =KhoiVTM!F80 -> 10 | G80: 1 | H80: 0 | I80: =F80-H80 -> 10 | J80: =IF(LEFT(C80,3)="RES", "Resistor", IF(LEFT(C80,3)="CAP", "Capacitor", "Other")) -> Capacitor | K80: Ordering | N80: =IFERROR(IF(ISERROR(MATCH(B80,KhoiVTM!$C:$C,0)),"Not Found",IF((EXACT(C80,IFERROR(INDEX(KhoiVTM!$D:$D,MATCH(B80,KhoiVTM!$C:$C,0)),"__NA__"))*1)+(IFERROR(F80=INDEX(KhoiVTM!$F:$F,MATCH(B80,KhoiVTM!$C:$C,0)),FALSE())*1)+(IFERROR(OR(AND(OR(D80="—",D80=""),OR(TEXT(INDEX(KhoiVTM!$J:$J,MATCH(B80,KhoiVTM!$C:$C,0)),"@")="",TEXT(INDEX(KhoiVTM!$J:$J,MATCH(B80,KhoiVTM!$C:$C,0)),"@")="—")),EXACT(TEXT(D80,"@"),TEXT(INDEX(KhoiVTM!$J:$J,MATCH(B80,KhoiVTM!$C:$C,0)),"@"))),FALSE())*1)+(IFERROR(OR(AND(OR(E80="—",E80=""),OR(TEXT(INDEX(KhoiVTM!$M:$M,MATCH(B80,KhoiVTM!$C:$C,0)),"@")="",TEXT(INDEX(KhoiVTM!$M:$M,MATCH(B80,KhoiVTM!$C:$C,0)),"@")="—")),EXACT(TEXT(E80,"@"),TEXT(INDEX(KhoiVTM!$M:$M,MATCH(B80,KhoiVTM!$C:$C,0)),"@"))),FALSE())*1)=4,"Match",IF((EXACT(C80,IFERROR(INDEX(KhoiVTM!$D:$D,MATCH(B80,KhoiVTM!$C:$C,0)),"__NA__"))*1)+(IFERROR(F80=INDEX(KhoiVTM!$F:$F,MATCH(B80,KhoiVTM!$C:$C,0)),FALSE())*1)+(IFERROR(OR(AND(OR(D80="—",D80=""),OR(TEXT(INDEX(KhoiVTM!$J:$J,MATCH(B80,KhoiVTM!$C:$C,0)),"@")="",TEXT(INDEX(KhoiVTM!$J:$J,MATCH(B80,KhoiVTM!$C:$C,0)),"@")="—")),EXACT(TEXT(D80,"@"),TEXT(INDEX(KhoiVTM!$J:$J,MATCH(B80,KhoiVTM!$C:$C,0)),"@"))),FALSE())*1)+(IFERROR(OR(AND(OR(E80="—",E80=""),OR(TEXT(INDEX(KhoiVTM!$M:$M,MATCH(B80,KhoiVTM!$C:$C,0)),"@")="",TEXT(INDEX(KhoiVTM!$M:$M,MATCH(B80,KhoiVTM!$C:$C,0)),"@")="—")),EXACT(TEXT(E80,"@"),TEXT(INDEX(KhoiVTM!$M:$M,MATCH(B80,KhoiVTM!$C:$C,0)),"@"))),FALSE())*1)>=3,"Partial","Mismatch"))),"Not Found") -> Match
A81: =KhoiVTM!A81 -> 80 | B81: =KhoiVTM!C81 -> C0603C681F5GACTU | C81: =KhoiVTM!D81 -> CAP CER 680PF 50V C0G/NP0 0603 | D81: 680P | E81: =RIGHT(TRIM(C81), 4) -> 0603 | F81: =KhoiVTM!F81 -> 10 | G81: 2 | H81: 0 | I81: =F81-H81 -> 10 | J81: =IF(LEFT(C81,3)="RES", "Resistor", IF(LEFT(C81,3)="CAP", "Capacitor", "Other")) -> Capacitor | K81: Ordering | N81: =IFERROR(IF(ISERROR(MATCH(B81,KhoiVTM!$C:$C,0)),"Not Found",IF((EXACT(C81,IFERROR(INDEX(KhoiVTM!$D:$D,MATCH(B81,KhoiVTM!$C:$C,0)),"__NA__"))*1)+(IFERROR(F81=INDEX(KhoiVTM!$F:$F,MATCH(B81,KhoiVTM!$C:$C,0)),FALSE())*1)+(IFERROR(OR(AND(OR(D81="—",D81=""),OR(TEXT(INDEX(KhoiVTM!$J:$J,MATCH(B81,KhoiVTM!$C:$C,0)),"@")="",TEXT(INDEX(KhoiVTM!$J:$J,MATCH(B81,KhoiVTM!$C:$C,0)),"@")="—")),EXACT(TEXT(D81,"@"),TEXT(INDEX(KhoiVTM!$J:$J,MATCH(B81,KhoiVTM!$C:$C,0)),"@"))),FALSE())*1)+(IFERROR(OR(AND(OR(E81="—",E81=""),OR(TEXT(INDEX(KhoiVTM!$M:$M,MATCH(B81,KhoiVTM!$C:$C,0)),"@")="",TEXT(INDEX(KhoiVTM!$M:$M,MATCH(B81,KhoiVTM!$C:$C,0)),"@")="—")),EXACT(TEXT(E81,"@"),TEXT(INDEX(KhoiVTM!$M:$M,MATCH(B81,KhoiVTM!$C:$C,0)),"@"))),FALSE())*1)=4,"Match",IF((EXACT(C81,IFERROR(INDEX(KhoiVTM!$D:$D,MATCH(B81,KhoiVTM!$C:$C,0)),"__NA__"))*1)+(IFERROR(F81=INDEX(KhoiVTM!$F:$F,MATCH(B81,KhoiVTM!$C:$C,0)),FALSE())*1)+(IFERROR(OR(AND(OR(D81="—",D81=""),OR(TEXT(INDEX(KhoiVTM!$J:$J,MATCH(B81,KhoiVTM!$C:$C,0)),"@")="",TEXT(INDEX(KhoiVTM!$J:$J,MATCH(B81,KhoiVTM!$C:$C,0)),"@")="—")),EXACT(TEXT(D81,"@"),TEXT(INDEX(KhoiVTM!$J:$J,MATCH(B81,KhoiVTM!$C:$C,0)),"@"))),FALSE())*1)+(IFERROR(OR(AND(OR(E81="—",E81=""),OR(TEXT(INDEX(KhoiVTM!$M:$M,MATCH(B81,KhoiVTM!$C:$C,0)),"@")="",TEXT(INDEX(KhoiVTM!$M:$M,MATCH(B81,KhoiVTM!$C:$C,0)),"@")="—")),EXACT(TEXT(E81,"@"),TEXT(INDEX(KhoiVTM!$M:$M,MATCH(B81,KhoiVTM!$C:$C,0)),"@"))),FALSE())*1)>=3,"Partial","Mismatch"))),"Not Found") -> Match
A82: =KhoiVTM!A82 -> 81 | B82: =KhoiVTM!C82 -> MLF1608A1R0JT000 | C82: =KhoiVTM!D82 -> FIXED IND 1UH 50MA 500 MOHM SMD | D82: 1u | E82: 603 | F82: =KhoiVTM!F82 -> 10 | G82: 1 | H82: 0 | I82: =F82-H82 -> 10 | J82: =IF(LEFT(C82,3)="RES", "Resistor", IF(LEFT(C82,3)="CAP", "Capacitor", "Other")) -> Other | K82: Ordering | N82: =IFERROR(IF(ISERROR(MATCH(B82,KhoiVTM!$C:$C,0)),"Not Found",IF((EXACT(C82,IFERROR(INDEX(KhoiVTM!$D:$D,MATCH(B82,KhoiVTM!$C:$C,0)),"__NA__"))*1)+(IFERROR(F82=INDEX(KhoiVTM!$F:$F,MATCH(B82,KhoiVTM!$C:$C,0)),FALSE())*1)+(IFERROR(OR(AND(OR(D82="—",D82=""),OR(TEXT(INDEX(KhoiVTM!$J:$J,MATCH(B82,KhoiVTM!$C:$C,0)),"@")="",TEXT(INDEX(KhoiVTM!$J:$J,MATCH(B82,KhoiVTM!$C:$C,0)),"@")="—")),EXACT(TEXT(D82,"@"),TEXT(INDEX(KhoiVTM!$J:$J,MATCH(B82,KhoiVTM!$C:$C,0)),"@"))),FALSE())*1)+(IFERROR(OR(AND(OR(E82="—",E82=""),OR(TEXT(INDEX(KhoiVTM!$M:$M,MATCH(B82,KhoiVTM!$C:$C,0)),"@")="",TEXT(INDEX(KhoiVTM!$M:$M,MATCH(B82,KhoiVTM!$C:$C,0)),"@")="—")),EXACT(TEXT(E82,"@"),TEXT(INDEX(KhoiVTM!$M:$M,MATCH(B82,KhoiVTM!$C:$C,0)),"@"))),FALSE())*1)=4,"Match",IF((EXACT(C82,IFERROR(INDEX(KhoiVTM!$D:$D,MATCH(B82,KhoiVTM!$C:$C,0)),"__NA__"))*1)+(IFERROR(F82=INDEX(KhoiVTM!$F:$F,MATCH(B82,KhoiVTM!$C:$C,0)),FALSE())*1)+(IFERROR(OR(AND(OR(D82="—",D82=""),OR(TEXT(INDEX(KhoiVTM!$J:$J,MATCH(B82,KhoiVTM!$C:$C,0)),"@")="",TEXT(INDEX(KhoiVTM!$J:$J,MATCH(B82,KhoiVTM!$C:$C,0)),"@")="—")),EXACT(TEXT(D82,"@"),TEXT(INDEX(KhoiVTM!$J:$J,MATCH(B82,KhoiVTM!$C:$C,0)),"@"))),FALSE())*1)+(IFERROR(OR(AND(OR(E82="—",E82=""),OR(TEXT(INDEX(KhoiVTM!$M:$M,MATCH(B82,KhoiVTM!$C:$C,0)),"@")="",TEXT(INDEX(KhoiVTM!$M:$M,MATCH(B82,KhoiVTM!$C:$C,0)),"@")="—")),EXACT(TEXT(E82,"@"),TEXT(INDEX(KhoiVTM!$M:$M,MATCH(B82,KhoiVTM!$C:$C,0)),"@"))),FALSE())*1)>=3,"Partial","Mismatch"))),"Not Found") -> Match
A83: =KhoiVTM!A83 -> 82 | B83: =KhoiVTM!C83 -> MLF1608A1R5JT000 | C83: =KhoiVTM!D83 -> FIXED IND 1.5UH 50MA 700 MOHM | D83: 1.5u | E83: 603 | F83: =KhoiVTM!F83 -> 10 | G83: 1 | H83: 0 | I83: =F83-H83 -> 10 | J83: =IF(LEFT(C83,3)="RES", "Resistor", IF(LEFT(C83,3)="CAP", "Capacitor", "Other")) -> Other | K83: Ordering | N83: =IFERROR(IF(ISERROR(MATCH(B83,KhoiVTM!$C:$C,0)),"Not Found",IF((EXACT(C83,IFERROR(INDEX(KhoiVTM!$D:$D,MATCH(B83,KhoiVTM!$C:$C,0)),"__NA__"))*1)+(IFERROR(F83=INDEX(KhoiVTM!$F:$F,MATCH(B83,KhoiVTM!$C:$C,0)),FALSE())*1)+(IFERROR(OR(AND(OR(D83="—",D83=""),OR(TEXT(INDEX(KhoiVTM!$J:$J,MATCH(B83,KhoiVTM!$C:$C,0)),"@")="",TEXT(INDEX(KhoiVTM!$J:$J,MATCH(B83,KhoiVTM!$C:$C,0)),"@")="—")),EXACT(TEXT(D83,"@"),TEXT(INDEX(KhoiVTM!$J:$J,MATCH(B83,KhoiVTM!$C:$C,0)),"@"))),FALSE())*1)+(IFERROR(OR(AND(OR(E83="—",E83=""),OR(TEXT(INDEX(KhoiVTM!$M:$M,MATCH(B83,KhoiVTM!$C:$C,0)),"@")="",TEXT(INDEX(KhoiVTM!$M:$M,MATCH(B83,KhoiVTM!$C:$C,0)),"@")="—")),EXACT(TEXT(E83,"@"),TEXT(INDEX(KhoiVTM!$M:$M,MATCH(B83,KhoiVTM!$C:$C,0)),"@"))),FALSE())*1)=4,"Match",IF((EXACT(C83,IFERROR(INDEX(KhoiVTM!$D:$D,MATCH(B83,KhoiVTM!$C:$C,0)),"__NA__"))*1)+(IFERROR(F83=INDEX(KhoiVTM!$F:$F,MATCH(B83,KhoiVTM!$C:$C,0)),FALSE())*1)+(IFERROR(OR(AND(OR(D83="—",D83=""),OR(TEXT(INDEX(KhoiVTM!$J:$J,MATCH(B83,KhoiVTM!$C:$C,0)),"@")="",TEXT(INDEX(KhoiVTM!$J:$J,MATCH(B83,KhoiVTM!$C:$C,0)),"@")="—")),EXACT(TEXT(D83,"@"),TEXT(INDEX(KhoiVTM!$J:$J,MATCH(B83,KhoiVTM!$C:$C,0)),"@"))),FALSE())*1)+(IFERROR(OR(AND(OR(E83="—",E83=""),OR(TEXT(INDEX(KhoiVTM!$M:$M,MATCH(B83,KhoiVTM!$C:$C,0)),"@")="",TEXT(INDEX(KhoiVTM!$M:$M,MATCH(B83,KhoiVTM!$C:$C,0)),"@")="—")),EXACT(TEXT(E83,"@"),TEXT(INDEX(KhoiVTM!$M:$M,MATCH(B83,KhoiVTM!$C:$C,0)),"@"))),FALSE())*1)>=3,"Partial","Mismatch"))),"Not Found") -> Match
A84: =KhoiVTM!A84 -> 83 | B84: =KhoiVTM!C84 -> MLF1608A1R8JT000 | C84: =KhoiVTM!D84 -> FIXED IND 1.8UH 50MA 850 MOHM | D84: 1.8u | E84: 603 | F84: =KhoiVTM!F84 -> 10 | G84: 1 | H84: 0 | I84: =F84-H84 -> 10 | J84: =IF(LEFT(C84,3)="RES", "Resistor", IF(LEFT(C84,3)="CAP", "Capacitor", "Other")) -> Other | K84: Ordering | N84: =IFERROR(IF(ISERROR(MATCH(B84,KhoiVTM!$C:$C,0)),"Not Found",IF((EXACT(C84,IFERROR(INDEX(KhoiVTM!$D:$D,MATCH(B84,KhoiVTM!$C:$C,0)),"__NA__"))*1)+(IFERROR(F84=INDEX(KhoiVTM!$F:$F,MATCH(B84,KhoiVTM!$C:$C,0)),FALSE())*1)+(IFERROR(OR(AND(OR(D84="—",D84=""),OR(TEXT(INDEX(KhoiVTM!$J:$J,MATCH(B84,KhoiVTM!$C:$C,0)),"@")="",TEXT(INDEX(KhoiVTM!$J:$J,MATCH(B84,KhoiVTM!$C:$C,0)),"@")="—")),EXACT(TEXT(D84,"@"),TEXT(INDEX(KhoiVTM!$J:$J,MATCH(B84,KhoiVTM!$C:$C,0)),"@"))),FALSE())*1)+(IFERROR(OR(AND(OR(E84="—",E84=""),OR(TEXT(INDEX(KhoiVTM!$M:$M,MATCH(B84,KhoiVTM!$C:$C,0)),"@")="",TEXT(INDEX(KhoiVTM!$M:$M,MATCH(B84,KhoiVTM!$C:$C,0)),"@")="—")),EXACT(TEXT(E84,"@"),TEXT(INDEX(KhoiVTM!$M:$M,MATCH(B84,KhoiVTM!$C:$C,0)),"@"))),FALSE())*1)=4,"Match",IF((EXACT(C84,IFERROR(INDEX(KhoiVTM!$D:$D,MATCH(B84,KhoiVTM!$C:$C,0)),"__NA__"))*1)+(IFERROR(F84=INDEX(KhoiVTM!$F:$F,MATCH(B84,KhoiVTM!$C:$C,0)),FALSE())*1)+(IFERROR(OR(AND(OR(D84="—",D84=""),OR(TEXT(INDEX(KhoiVTM!$J:$J,MATCH(B84,KhoiVTM!$C:$C,0)),"@")="",TEXT(INDEX(KhoiVTM!$J:$J,MATCH(B84,KhoiVTM!$C:$C,0)),"@")="—")),EXACT(TEXT(D84,"@"),TEXT(INDEX(KhoiVTM!$J:$J,MATCH(B84,KhoiVTM!$C:$C,0)),"@"))),FALSE())*1)+(IFERROR(OR(AND(OR(E84="—",E84=""),OR(TEXT(INDEX(KhoiVTM!$M:$M,MATCH(B84,KhoiVTM!$C:$C,0)),"@")="",TEXT(INDEX(KhoiVTM!$M:$M,MATCH(B84,KhoiVTM!$C:$C,0)),"@")="—")),EXACT(TEXT(E84,"@"),TEXT(INDEX(KhoiVTM!$M:$M,MATCH(B84,KhoiVTM!$C:$C,0)),"@"))),FALSE())*1)>=3,"Partial","Mismatch"))),"Not Found") -> Match
